2025,5,15,0,1,25.4,23,100000,0,0,0,0
2025,5,15,0,2,25.4,23,100000,0,0,0,0
2025,5,15,0,3,25.4,23,100000,0,0,0,0
2025,5,15,0,4,25.4,23,100000,0,0,0,0
2025,5,15,0,5,25.3,23,100000,0,0,0,0
2025,5,15,0,6,25.3,23,100000,0,0,0,0
2025,5,15,0,7,25.3,23,100000,0,0,0,0
2025,5,15,0,8,25.3,23,100000,0,0,0,0
2025,5,15,0,9,25.2,23,100000,0,0,0,0
2025,5,15,0,10,25.2,23,100000,0,0,0,0
2025,5,15,0,11,25.2,23,100000,0,0,0,0
2025,5,15,0,12,25.2,23,100000,0,0,0,0
2025,5,15,0,13,25.1,23,100000,0,0,0,0
2025,5,15,0,14,25.1,23,100000,0,0,0,0
2025,5,15,0,15,25.1,23,100000,0,0,0,0
2025,5,15,0,16,25.1,23,100000,0,0,0,0
2025,5,15,0,17,25.1,23,100000,0,0,0,0
2025,5,15,0,18,25.0,23,100000,0,0,0,0
2025,5,15,0,19,25.0,23,100000,0,0,0,0
2025,5,15,0,20,25.0,23,100000,0,0,0,0
2025,5,15,0,21,25.0,23,100000,0,0,0,0
2025,5,15,0,22,24.9,23,100000,0,0,0,0
2025,5,15,0,23,24.9,23,100000,0,0,0,0
2025,5,15,0,24,24.9,23,100000,0,0,0,0
2025,5,15,0,25,24.9,23,100000,0,0,0,0
2025,5,15,0,26,24.8,23,100000,0,0,0,0
2025,5,15,0,27,24.8,23,100000,0,0,0,0
2025,5,15,0,28,24.8,23,100000,0,0,0,0
2025,5,15,0,29,24.8,23,100000,0,0,0,0
2025,5,15,0,30,24.7,23,100000,0,0,0,0
2025,5,15,0,31,24.7,23,100000,0,0,0,0
2025,5,15,0,32,24.7,23,100000,0,0,0,0
2025,5,15,0,33,24.7,23,100000,0,0,0,0
2025,5,15,0,34,24.7,23,100000,0,0,0,0
2025,5,15,0,35,24.6,23,100000,0,0,0,0
2025,5,15,0,36,24.6,23,100000,0,0,0,0
2025,5,15,0,37,24.6,23,100000,0,0,0,0
2025,5,15,0,38,24.6,23,100000,0,0,0,0
2025,5,15,0,39,24.5,23,100000,0,0,0,0
2025,5,15,0,40,24.5,23,100000,0,0,0,0
2025,5,15,0,41,24.5,23,100000,0,0,0,0
2025,5,15,0,42,24.5,23,100000,0,0,0,0
2025,5,15,0,43,24.5,23,100000,0,0,0,0
2025,5,15,0,44,24.4,23,100000,0,0,0,0
2025,5,15,0,45,24.4,23,100000,0,0,0,0
2025,5,15,0,46,24.4,23,100000,0,0,0,0
2025,5,15,0,47,24.4,23,100000,0,0,0,0
2025,5,15,0,48,24.3,23,100000,0,0,0,0
2025,5,15,0,49,24.3,23,100000,0,0,0,0
2025,5,15,0,50,24.3,23,100000,0,0,0,0
2025,5,15,0,51,24.3,23,100000,0,0,0,0
2025,5,15,0,52,24.2,23,100000,0,0,0,0
2025,5,15,0,53,24.2,23,100000,0,0,0,0
2025,5,15,0,54,24.2,23,100000,0,0,0,0
2025,5,15,0,55,24.2,23,100000,0,0,0,0
2025,5,15,0,56,24.2,23,100000,0,0,0,0
2025,5,15,0,57,24.1,23,100000,0,0,0,0
2025,5,15,0,58,24.1,23,100000,0,0,0,0
2025,5,15,0,59,24.1,23,100000,0,0,0,0
2025,5,15,1,0,24.1,23,100000,0,0,0,0
2025,5,15,1,1,24.0,23,100000,0,0,0,0
2025,5,15,1,2,24.0,23,100000,0,0,0,0
2025,5,15,1,3,24.0,23,100000,0,0,0,0
2025,5,15,1,4,24.0,23,100000,0,0,0,0
2025,5,15,1,5,24.0,23,100000,0,0,0,0
2025,5,15,1,6,23.9,23,100000,0,0,0,0
2025,5,15,1,7,23.9,23,100000,0,0,0,0
2025,5,15,1,8,23.9,23,100000,0,0,0,0
2025,5,15,1,9,23.9,23,100000,0,0,0,0
2025,5,15,1,10,23.9,23,100000,0,0,0,0
2025,5,15,1,11,23.8,23,100000,0,0,0,0
2025,5,15,1,12,23.8,23,100000,0,0,0,0
2025,5,15,1,13,23.8,23,100000,0,0,0,0
2025,5,15,1,14,23.8,23,100000,0,0,0,0
2025,5,15,1,15,23.7,23,100000,0,0,0,0
2025,5,15,1,16,23.7,23,100000,0,0,0,0
2025,5,15,1,17,23.7,23,100000,0,0,0,0
2025,5,15,1,18,23.7,23,100000,0,0,0,0
2025,5,15,1,19,23.7,23,100000,0,0,0,0
2025,5,15,1,20,23.6,23,100000,0,0,0,0
2025,5,15,1,21,23.6,23,100000,0,0,0,0
2025,5,15,1,22,23.6,23,100000,0,0,0,0
2025,5,15,1,23,23.6,23,100000,0,0,0,0
2025,5,15,1,24,23.6,23,100000,0,0,0,0
2025,5,15,1,25,23.5,23,100000,0,0,0,0
2025,5,15,1,26,23.5,23,100000,0,0,0,0
2025,5,15,1,27,23.5,23,100000,0,0,0,0
2025,5,15,1,28,23.5,23,100000,0,0,0,0
2025,5,15,1,29,23.4,23,100000,0,0,0,0
2025,5,15,1,30,23.4,23,100000,0,0,0,0
2025,5,15,1,31,23.4,23,100000,0,0,0,0
2025,5,15,1,32,23.4,23,100000,0,0,0,0
2025,5,15,1,33,23.4,23,100000,0,0,0,0
2025,5,15,1,34,23.3,23,100000,0,0,0,0
2025,5,15,1,35,23.3,23,100000,0,0,0,0
2025,5,15,1,36,23.3,23,100000,0,0,0,0
2025,5,15,1,37,23.3,23,100000,0,0,0,0
2025,5,15,1,38,23.3,23,100000,0,0,0,0
2025,5,15,1,39,23.2,23,100000,0,0,0,0
2025,5,15,1,40,23.2,23,100000,0,0,0,0
2025,5,15,1,41,23.2,23,100000,0,0,0,0
2025,5,15,1,42,23.2,23,100000,0,0,0,0
2025,5,15,1,43,23.2,23,100000,0,0,0,0
2025,5,15,1,44,23.1,23,100000,0,0,0,0
2025,5,15,1,45,23.1,23,100000,0,0,0,0
2025,5,15,1,46,23.1,23,100000,0,0,0,0
2025,5,15,1,47,23.1,23,100000,0,0,0,0
2025,5,15,1,48,23.1,23,100000,0,0,0,0
2025,5,15,1,49,23.0,23,100000,0,0,0,0
2025,5,15,1,50,23.0,23,100000,0,0,0,0
2025,5,15,1,51,23.0,23,100000,0,0,0,0
2025,5,15,1,52,23.0,23,100000,0,0,0,0
2025,5,15,1,53,23.0,23,100000,0,0,0,0
2025,5,15,1,54,22.9,23,100000,0,0,0,0
2025,5,15,1,55,22.9,23,100000,0,0,0,0
2025,5,15,1,56,22.9,23,100000,0,0,0,0
2025,5,15,1,57,22.9,23,100000,0,0,0,0
2025,5,15,1,58,22.9,23,100000,0,0,0,0
2025,5,15,1,59,22.8,23,100000,0,0,0,0
2025,5,15,2,0,22.8,23,100000,0,0,0,0
2025,5,15,2,1,22.8,23,100000,0,0,0,0
2025,5,15,2,2,22.8,23,100000,0,0,0,0
2025,5,15,2,3,22.8,23,100000,0,0,0,0
2025,5,15,2,4,22.8,23,100000,0,0,0,0
2025,5,15,2,5,22.7,23,100000,0,0,0,0
2025,5,15,2,6,22.7,23,100000,0,0,0,0
2025,5,15,2,7,22.7,23,100000,0,0,0,0
2025,5,15,2,8,22.7,23,100000,0,0,0,0
2025,5,15,2,9,22.7,23,100000,0,0,0,0
2025,5,15,2,10,22.6,23,100000,0,0,0,0
2025,5,15,2,11,22.6,23,100000,0,0,0,0
2025,5,15,2,12,22.6,23,100000,0,0,0,0
2025,5,15,2,13,22.6,23,100000,0,0,0,0
2025,5,15,2,14,22.6,23,100000,0,0,0,0
2025,5,15,2,15,22.5,23,100000,0,0,0,0
2025,5,15,2,16,22.5,23,100000,0,0,0,0
2025,5,15,2,17,22.5,23,100000,0,0,0,0
2025,5,15,2,18,22.5,23,100000,0,0,0,0
2025,5,15,2,19,22.5,23,100000,0,0,0,0
2025,5,15,2,20,22.5,23,100000,0,0,0,0
2025,5,15,2,21,22.4,23,100000,0,0,0,0
2025,5,15,2,22,22.4,23,100000,0,0,0,0
2025,5,15,2,23,22.4,23,100000,0,0,0,0
2025,5,15,2,24,22.4,23,100000,0,0,0,0
2025,5,15,2,25,22.4,23,100000,0,0,0,0
2025,5,15,2,26,22.3,23,100000,0,0,0,0
2025,5,15,2,27,22.3,23,100000,0,0,0,0
2025,5,15,2,28,22.3,23,100000,0,0,0,0
2025,5,15,2,29,22.3,23,100000,0,0,0,0
2025,5,15,2,30,22.3,23,100000,0,0,0,0
2025,5,15,2,31,22.3,23,100000,0,0,0,0
2025,5,15,2,32,22.2,23,100000,0,0,0,0
2025,5,15,2,33,22.2,23,100000,0,0,0,0
2025,5,15,2,34,22.2,23,100000,0,0,0,0
2025,5,15,2,35,22.2,23,100000,0,0,0,0
2025,5,15,2,36,22.2,23,100000,0,0,0,0
2025,5,15,2,37,22.2,23,100000,0,0,0,0
2025,5,15,2,38,22.1,23,100000,0,0,0,0
2025,5,15,2,39,22.1,23,100000,0,0,0,0
2025,5,15,2,40,22.1,23,100000,0,0,0,0
2025,5,15,2,41,22.1,23,100000,0,0,0,0
2025,5,15,2,42,22.1,23,100000,0,0,0,0
2025,5,15,2,43,22.1,23,100000,0,0,0,0
2025,5,15,2,44,22.0,23,100000,0,0,0,0
2025,5,15,2,45,22.0,23,100000,0,0,0,0
2025,5,15,2,46,22.0,23,100000,0,0,0,0
2025,5,15,2,47,22.0,23,100000,0,0,0,0
2025,5,15,2,48,22.0,23,100000,0,0,0,0
2025,5,15,2,49,22.0,23,100000,0,0,0,0
2025,5,15,2,50,21.9,23,100000,0,0,0,0
2025,5,15,2,51,21.9,23,100000,0,0,0,0
2025,5,15,2,52,21.9,23,100000,0,0,0,0
2025,5,15,2,53,21.9,23,100000,0,0,0,0
2025,5,15,2,54,21.9,23,100000,0,0,0,0
2025,5,15,2,55,21.9,23,100000,0,0,0,0
2025,5,15,2,56,21.8,23,100000,0,0,0,0
2025,5,15,2,57,21.8,23,100000,0,0,0,0
2025,5,15,2,58,21.8,23,100000,0,0,0,0
2025,5,15,2,59,21.8,23,100000,0,0,0,0
2025,5,15,3,0,21.8,23,100000,0,0,0,0
2025,5,15,3,1,21.8,23,100000,0,0,0,0
2025,5,15,3,2,21.8,23,100000,0,0,0,0
2025,5,15,3,3,21.7,23,100000,0,0,0,0
2025,5,15,3,4,21.7,23,100000,0,0,0,0
2025,5,15,3,5,21.7,23,100000,0,0,0,0
2025,5,15,3,6,21.7,23,100000,0,0,0,0
2025,5,15,3,7,21.7,23,100000,0,0,0,0
2025,5,15,3,8,21.7,23,100000,0,0,0,0
2025,5,15,3,9,21.6,23,100000,0,0,0,0
2025,5,15,3,10,21.6,23,100000,0,0,0,0
2025,5,15,3,11,21.6,23,100000,0,0,0,0
2025,5,15,3,12,21.6,23,100000,0,0,0,0
2025,5,15,3,13,21.6,23,100000,0,0,0,0
2025,5,15,3,14,21.6,23,100000,0,0,0,0
2025,5,15,3,15,21.6,23,100000,0,0,0,0
2025,5,15,3,16,21.5,23,100000,0,0,0,0
2025,5,15,3,17,21.5,23,100000,0,0,0,0
2025,5,15,3,18,21.5,23,100000,0,0,0,0
2025,5,15,3,19,21.5,23,100000,0,0,0,0
2025,5,15,3,20,21.5,23,100000,0,0,0,0
2025,5,15,3,21,21.5,23,100000,0,0,0,0
2025,5,15,3,22,21.5,23,100000,0,0,0,0
2025,5,15,3,23,21.4,23,100000,0,0,0,0
2025,5,15,3,24,21.4,23,100000,0,0,0,0
2025,5,15,3,25,21.4,23,100000,0,0,0,0
2025,5,15,3,26,21.4,23,100000,0,0,0,0
2025,5,15,3,27,21.4,23,100000,0,0,0,0
2025,5,15,3,28,21.4,23,100000,0,0,0,0
2025,5,15,3,29,21.4,23,100000,0,0,0,0
2025,5,15,3,30,21.4,23,100000,0,0,0,0
2025,5,15,3,31,21.3,23,100000,0,0,0,0
2025,5,15,3,32,21.3,23,100000,0,0,0,0
2025,5,15,3,33,21.3,23,100000,0,0,0,0
2025,5,15,3,34,21.3,23,100000,0,0,0,0
2025,5,15,3,35,21.3,23,100000,0,0,0,0
2025,5,15,3,36,21.3,23,100000,0,0,0,0
2025,5,15,3,37,21.3,23,100000,0,0,0,0
2025,5,15,3,38,21.3,23,100000,0,0,0,0
2025,5,15,3,39,21.2,23,100000,0,0,0,0
2025,5,15,3,40,21.2,23,100000,0,0,0,0
2025,5,15,3,41,21.2,23,100000,0,0,0,0
2025,5,15,3,42,21.2,23,100000,0,0,0,0
2025,5,15,3,43,21.2,23,100000,0,0,0,0
2025,5,15,3,44,21.2,23,100000,0,0,0,0
2025,5,15,3,45,21.2,23,100000,0,0,0,0
2025,5,15,3,46,21.2,23,100000,0,0,0,0
2025,5,15,3,47,21.1,23,100000,0,0,0,0
2025,5,15,3,48,21.1,23,100000,0,0,0,0
2025,5,15,3,49,21.1,23,100000,0,0,0,0
2025,5,15,3,50,21.1,23,100000,0,0,0,0
2025,5,15,3,51,21.1,23,100000,0,0,0,0
2025,5,15,3,52,21.1,23,100000,0,0,0,0
2025,5,15,3,53,21.1,23,100000,0,0,0,0
2025,5,15,3,54,21.1,23,100000,0,0,0,0
2025,5,15,3,55,21.0,23,100000,0,0,0,0
2025,5,15,3,56,21.0,23,100000,0,0,0,0
2025,5,15,3,57,21.0,23,100000,0,0,0,0
2025,5,15,3,58,21.0,23,100000,0,0,0,0
2025,5,15,3,59,21.0,23,100000,0,0,0,0
2025,5,15,4,0,21.0,23,100000,0,0,0,0
2025,5,15,4,1,21.0,23,100000,0,0,0,0
2025,5,15,4,2,21.0,23,100000,0,0,0,0
2025,5,15,4,3,21.0,23,100000,0,0,0,0
2025,5,15,4,4,20.9,23,100000,0,0,0,0
2025,5,15,4,5,20.9,23,100000,0,0,0,0
2025,5,15,4,6,20.9,23,100000,0,0,0,0
2025,5,15,4,7,20.9,23,100000,0,0,0,0
2025,5,15,4,8,20.9,23,100000,0,0,0,0
2025,5,15,4,9,20.9,23,100000,0,0,0,0
2025,5,15,4,10,20.9,23,100000,0,0,0,0
2025,5,15,4,11,20.9,23,100000,0,0,0,0
2025,5,15,4,12,20.9,23,100000,0,0,0,0
2025,5,15,4,13,20.9,23,100000,0,0,0,0
2025,5,15,4,14,20.8,23,100000,0,0,0,0
2025,5,15,4,15,20.8,23,100000,0,0,0,0
2025,5,15,4,16,20.8,23,100000,0,0,0,0
2025,5,15,4,17,20.8,23,100000,0,0,0,0
2025,5,15,4,18,20.8,23,100000,0,0,0,0
2025,5,15,4,19,20.8,23,100000,0,0,0,0
2025,5,15,4,20,20.8,23,100000,0,0,0,0
2025,5,15,4,21,20.8,23,100000,0,0,0,0
2025,5,15,4,22,20.8,23,100000,0,0,0,0
2025,5,15,4,23,20.8,23,100000,0,0,0,0
2025,5,15,4,24,20.8,23,100000,0,0,0,0
2025,5,15,4,25,20.7,23,100000,0,0,0,0
2025,5,15,4,26,20.7,23,100000,0,0,0,0
2025,5,15,4,27,20.7,23,100000,0,0,0,0
2025,5,15,4,28,20.7,23,100000,0,0,0,0
2025,5,15,4,29,20.7,23,100000,0,0,0,0
2025,5,15,4,30,20.7,23,100000,0,0,0,0
2025,5,15,4,31,20.7,23,100000,0,0,0,0
2025,5,15,4,32,20.7,23,100000,0,0,0,0
2025,5,15,4,33,20.7,23,100000,0,0,0,0
2025,5,15,4,34,20.7,23,100000,0,0,0,0
2025,5,15,4,35,20.7,23,100000,0,0,0,0
2025,5,15,4,36,20.7,23,100000,0,0,0,0
2025,5,15,4,37,20.6,23,100000,0,0,0,0
2025,5,15,4,38,20.6,23,100000,0,0,0,0
2025,5,15,4,39,20.6,23,100000,0,0,0,0
2025,5,15,4,40,20.6,23,100000,0,0,0,0
2025,5,15,4,41,20.6,23,100000,0,0,0,0
2025,5,15,4,42,20.6,23,100000,0,0,0,0
2025,5,15,4,43,20.6,23,100000,0,0,0,0
2025,5,15,4,44,20.6,23,100000,0,0,0,0
2025,5,15,4,45,20.6,23,100000,0,0,0,0
2025,5,15,4,46,20.6,23,100000,0,0,0,0
2025,5,15,4,47,20.6,23,100000,0,0,0,0
2025,5,15,4,48,20.6,23,100000,0,0,0,0
2025,5,15,4,49,20.6,23,100000,0,0,0,0
2025,5,15,4,50,20.6,23,100000,0,0,0,0
2025,5,15,4,51,20.5,23,100000,0,0,0,0
2025,5,15,4,52,20.5,23,100000,0,0,0,0
2025,5,15,4,53,20.5,23,100000,0,0,0,0
2025,5,15,4,54,20.5,23,100000,0,0,0,0
2025,5,15,4,55,20.5,23,100000,0,0,0,0
2025,5,15,4,56,20.5,23,100000,0,0,0,0
2025,5,15,4,57,20.5,23,100000,0,0,0,0
2025,5,15,4,58,20.5,23,100000,0,0,0,0
2025,5,15,4,59,20.5,23,100000,0,0,0,0
2025,5,15,5,0,20.5,23,100000,0,0,0,0
2025,5,15,5,1,20.5,23,100000,0,0,0,0
2025,5,15,5,2,20.5,23,100000,0,0,0,0
2025,5,15,5,3,20.5,23,100000,0,0,0,0
2025,5,15,5,4,20.6,23,100000,0,0,0,0
2025,5,15,5,5,20.6,23,100000,0,0,0,0
2025,5,15,5,6,20.6,23,100000,0,0,0,0
2025,5,15,5,7,20.6,23,100000,0,0,0,0
2025,5,15,5,8,20.6,23,100000,0,0,0,0
2025,5,15,5,9,20.6,23,100000,0,0,0,0
2025,5,15,5,10,20.7,23,100000,0,0,0,0
2025,5,15,5,11,20.7,23,100000,0,0,0,0
2025,5,15,5,12,20.7,23,100000,0,0,0,0
2025,5,15,5,13,20.7,23,100000,0,0,0,0
2025,5,15,5,14,20.7,23,100000,0,0,0,0
2025,5,15,5,15,20.8,23,100000,0,0,0,0
2025,5,15,5,16,20.8,23,100000,0,0,0,0
2025,5,15,5,17,20.8,23,100000,0,0,0,0
2025,5,15,5,18,20.8,23,100000,0,0,0,0
2025,5,15,5,19,20.8,23,100000,0,0,0,0
2025,5,15,5,20,20.9,23,100000,0,0,0,0
2025,5,15,5,21,20.9,23,100000,0,0,0,0
2025,5,15,5,22,20.9,23,100000,0,0,0,0
2025,5,15,5,23,20.9,23,100000,0,0,0,0
2025,5,15,5,24,20.9,23,100000,0,0,0,0
2025,5,15,5,25,20.9,23,100000,0,0,0,0
2025,5,15,5,26,21.0,23,100000,0,0,0,0
2025,5,15,5,27,21.0,23,100000,0,0,0,0
2025,5,15,5,28,21.0,23,100000,0,0,0,0
2025,5,15,5,29,21.0,23,100000,0,0,0,0
2025,5,15,5,30,21.1,23,100000,0,0,0,0
2025,5,15,5,31,21.1,23,100000,0,0,0,0
2025,5,15,5,32,21.1,23,100000,0,0,0,0
2025,5,15,5,33,21.1,23,100000,0,0,0,0
2025,5,15,5,34,21.1,23,100000,0,0,0,0
2025,5,15,5,35,21.2,23,100000,0,0,0,0
2025,5,15,5,36,21.2,23,100000,0,0,0,0
2025,5,15,5,37,21.2,23,100000,0,0,0,0
2025,5,15,5,38,21.2,23,100000,0,0,0,0
2025,5,15,5,39,21.2,23,100000,0,0,0,0
2025,5,15,5,40,21.3,23,100000,0,0,0,0
2025,5,15,5,41,21.3,23,100000,0,0,0,0
2025,5,15,5,42,21.3,23,100000,0,0,0,0
2025,5,15,5,43,21.3,23,100000,0,0,0,0
2025,5,15,5,44,21.3,23,100000,0,0,0,0
2025,5,15,5,45,21.4,23,100000,0,0,0,0
2025,5,15,5,46,21.4,23,100000,0,0,0,0
2025,5,15,5,47,21.4,23,100000,0,0,0,0
2025,5,15,5,48,21.4,23,100000,0,0,0,0
2025,5,15,5,49,21.5,23,100000,0,0,0,0
2025,5,15,5,50,21.5,23,100000,0,0,0,0
2025,5,15,5,51,21.5,23,100000,0,0,0,0
2025,5,15,5,52,21.5,23,100000,0,0,0,0
2025,5,15,5,53,21.6,23,100000,0,0,0,0
2025,5,15,5,54,21.6,23,100000,0,0,0,0
2025,5,15,5,55,21.6,23,100000,0,0,0,0
2025,5,15,5,56,21.6,23,100000,0,0,0,0
2025,5,15,5,57,21.6,23,100000,0,0,0,0
2025,5,15,5,58,21.7,23,100000,0,0,0,0
2025,5,15,5,59,21.7,23,100000,0,0,0,0
2025,5,15,6,0,21.7,23,100000,0,0,0,0
2025,5,15,6,1,21.8,23,100000,0,0,0,0
2025,5,15,6,2,21.9,23,100000,0,0,0,0
2025,5,15,6,3,22.0,23,100000,0,0,0,0
2025,5,15,6,4,22.1,23,100000,0,0,0,0
2025,5,15,6,5,22.1,23,100000,0,0,0,0
2025,5,15,6,6,22.2,23,100000,0,0,0,0
2025,5,15,6,7,22.3,23,100000,0,0,0,0
2025,5,15,6,8,22.4,23,100000,0,0,0,0
2025,5,15,6,9,22.5,23,100000,0,0,0,0
2025,5,15,6,10,22.6,23,100000,0,0,0,0
2025,5,15,6,11,22.6,23,100000,0,0,0,0
2025,5,15,6,12,22.7,23,100000,0,0,0,0
2025,5,15,6,13,22.8,23,100000,0,0,0,0
2025,5,15,6,14,22.9,23,100000,0,0,0,0
2025,5,15,6,15,23.0,23,100000,0,0,0,0
2025,5,15,6,16,23.1,23,100000,0,0,0,0
2025,5,15,6,17,23.2,23,100000,0,0,0,0
2025,5,15,6,18,23.3,23,100000,0,0,0,0
2025,5,15,6,19,23.3,23,100000,0,0,0,0
2025,5,15,6,20,23.4,23,100000,0,0,0,0
2025,5,15,6,21,23.5,23,100000,0,0,0,0
2025,5,15,6,22,23.6,23,100000,0,0,0,0
2025,5,15,6,23,23.7,23,100000,0,0,0,0
2025,5,15,6,24,23.8,23,100000,0,0,0,0
2025,5,15,6,25,23.9,23,100000,0,0,0,0
2025,5,15,6,26,24.0,23,100000,0,0,0,0
2025,5,15,6,27,24.0,23,100000,0,0,0,0
2025,5,15,6,28,24.1,23,100000,0,0,0,0
2025,5,15,6,29,24.2,23,100000,0,0,0,0
2025,5,15,6,30,24.3,23,100000,0,0,0,0
2025,5,15,6,31,24.4,23,100000,0,0,0,0
2025,5,15,6,32,24.5,23,100000,0,0,0,0
2025,5,15,6,33,24.6,23,100000,0,0,0,0
2025,5,15,6,34,24.7,23,100000,0,0,0,0
2025,5,15,6,35,24.8,23,100000,0,0,0,0
2025,5,15,6,36,24.9,23,100000,0,0,0,0
2025,5,15,6,37,24.9,23,100000,0,0,0,0
2025,5,15,6,38,25.0,23,100000,0,0,0,0
2025,5,15,6,39,25.1,23,100000,0,0,0,0
2025,5,15,6,40,25.2,23,100000,0,0,0,0
2025,5,15,6,41,25.3,23,100000,0,0,0,0
2025,5,15,6,42,25.4,23,100000,0,0,0,0
2025,5,15,6,43,25.5,23,100000,0,0,0,0
2025,5,15,6,44,25.6,23,100000,0,0,0,0
2025,5,15,6,45,25.7,23,100000,0,0,0,0
2025,5,15,6,46,25.8,23,100000,0,0,0,0
2025,5,15,6,47,25.8,23,100000,0,0,0,0
2025,5,15,6,48,25.9,23,100000,0,0,0,0
2025,5,15,6,49,26.0,23,100000,0,0,0,0
2025,5,15,6,50,26.1,23,100000,0,0,0,0
2025,5,15,6,51,26.2,23,100000,0,0,0,0
2025,5,15,6,52,26.3,23,100000,0,0,0,0
2025,5,15,6,53,26.4,23,100000,0,0,0,0
2025,5,15,6,54,26.5,23,100000,0,0,0,0
2025,5,15,6,55,26.6,23,100000,0,0,0,0
2025,5,15,6,56,26.7,23,100000,0,0,0,0
2025,5,15,6,57,26.8,23,100000,0,0,0,0
2025,5,15,6,58,26.9,23,100000,0,0,0,0
2025,5,15,6,59,26.9,23,100000,0,0,0,0
2025,5,15,7,0,27.0,23,100000,0,0,0,0
2025,5,15,7,1,27.1,23,100000,0,0,0,0
2025,5,15,7,2,27.2,23,100000,0,0,0,0
2025,5,15,7,3,27.3,23,100000,0,0,0,0
2025,5,15,7,4,27.4,23,100000,0,0,0,0
2025,5,15,7,5,27.5,23,100000,0,0,0,0
2025,5,15,7,6,27.6,23,100000,0,0,0,0
2025,5,15,7,7,27.7,23,100000,0,0,0,0
2025,5,15,7,8,27.8,23,100000,0,0,0,0
2025,5,15,7,9,27.8,23,100000,0,0,0,0
2025,5,15,7,10,27.9,23,100000,0,0,0,0
2025,5,15,7,11,28.0,23,100000,0,0,0,0
2025,5,15,7,12,28.1,23,100000,0,0,0,0
2025,5,15,7,13,28.2,23,100000,0,0,0,0
2025,5,15,7,14,28.3,23,100000,0,0,0,0
2025,5,15,7,15,28.4,23,100000,0,0,0,0
2025,5,15,7,16,28.5,23,100000,0,0,0,0
2025,5,15,7,17,28.6,23,100000,0,0,0,0
2025,5,15,7,18,28.7,23,100000,0,0,0,0
2025,5,15,7,19,28.7,23,100000,0,0,0,0
2025,5,15,7,20,28.8,23,100000,0,0,0,0
2025,5,15,7,21,28.9,23,100000,0,0,0,0
2025,5,15,7,22,29.0,23,100000,0,0,0,0
2025,5,15,7,23,29.1,23,100000,0,0,0,0
2025,5,15,7,24,29.2,23,100000,0,0,0,0
2025,5,15,7,25,29.3,23,100000,0,0,0,0
2025,5,15,7,26,29.4,23,100000,0,0,0,0
2025,5,15,7,27,29.5,23,100000,0,0,0,0
2025,5,15,7,28,29.5,23,100000,0,0,0,0
2025,5,15,7,29,29.6,23,100000,0,0,0,0
2025,5,15,7,30,29.7,23,100000,0,0,0,0
2025,5,15,7,31,29.8,23,100000,0,0,0,0
2025,5,15,7,32,29.9,23,100000,0,0,0,0
2025,5,15,7,33,30.0,23,100000,0,0,0,0
2025,5,15,7,34,30.1,23,100000,0,0,0,0
2025,5,15,7,35,30.2,23,100000,0,0,0,0
2025,5,15,7,36,30.3,23,100000,0,0,0,0
2025,5,15,7,37,30.3,23,100000,0,0,0,0
2025,5,15,7,38,30.4,23,100000,0,0,0,0
2025,5,15,7,39,30.5,23,100000,0,0,0,0
2025,5,15,7,40,30.6,23,100000,0,0,0,0
2025,5,15,7,41,30.7,23,100000,0,0,0,0
2025,5,15,7,42,30.8,23,100000,0,0,0,0
2025,5,15,7,43,30.9,23,100000,0,0,0,0
2025,5,15,7,44,31.0,23,100000,0,0,0,0
2025,5,15,7,45,31.1,23,100000,0,0,0,0
2025,5,15,7,46,31.1,23,100000,0,0,0,0
2025,5,15,7,47,31.2,23,100000,0,0,0,0
2025,5,15,7,48,31.3,23,100000,0,0,0,0
2025,5,15,7,49,31.4,23,100000,0,0,0,0
2025,5,15,7,50,31.5,23,100000,0,0,0,0
2025,5,15,7,51,31.6,23,100000,0,0,0,0
2025,5,15,7,52,31.7,23,100000,0,0,0,0
2025,5,15,7,53,31.7,23,100000,0,0,0,0
2025,5,15,7,54,31.8,23,100000,0,0,0,0
2025,5,15,7,55,31.9,23,100000,0,0,0,0
2025,5,15,7,56,32.0,23,100000,0,0,0,0
2025,5,15,7,57,32.1,23,100000,0,0,0,0
2025,5,15,7,58,32.2,23,100000,0,0,0,0
2025,5,15,7,59,32.3,23,100000,0,0,0,0
2025,5,15,8,0,32.3,23,100000,0,0,0,0
2025,5,15,8,1,32.4,23,100000,0,0,0,0
2025,5,15,8,2,32.5,23,100000,0,0,0,0
2025,5,15,8,3,32.5,23,100000,0,0,0,0
2025,5,15,8,4,32.6,23,100000,0,0,0,0
2025,5,15,8,5,32.7,23,100000,0,0,0,0
2025,5,15,8,6,32.7,23,100000,0,0,0,0
2025,5,15,8,7,32.8,23,100000,0,0,0,0
2025,5,15,8,8,32.8,23,100000,0,0,0,0
2025,5,15,8,9,32.9,23,100000,0,0,0,0
2025,5,15,8,10,33.0,23,100000,0,0,0,0
2025,5,15,8,11,33.0,23,100000,0,0,0,0
2025,5,15,8,12,33.1,23,100000,0,0,0,0
2025,5,15,8,13,33.2,23,100000,0,0,0,0
2025,5,15,8,14,33.2,23,100000,0,0,0,0
2025,5,15,8,15,33.3,23,100000,0,0,0,0
2025,5,15,8,16,33.3,23,100000,0,0,0,0
2025,5,15,8,17,33.4,23,100000,0,0,0,0
2025,5,15,8,18,33.5,23,100000,0,0,0,0
2025,5,15,8,19,33.5,23,100000,0,0,0,0
2025,5,15,8,20,33.6,23,100000,0,0,0,0
2025,5,15,8,21,33.7,23,100000,0,0,0,0
2025,5,15,8,22,33.7,23,100000,0,0,0,0
2025,5,15,8,23,33.8,23,100000,0,0,0,0
2025,5,15,8,24,33.8,23,100000,0,0,0,0
2025,5,15,8,25,33.9,23,100000,0,0,0,0
2025,5,15,8,26,34.0,23,100000,0,0,0,0
2025,5,15,8,27,34.0,23,100000,0,0,0,0
2025,5,15,8,28,34.1,23,100000,0,0,0,0
2025,5,15,8,29,34.1,23,100000,0,0,0,0
2025,5,15,8,30,34.2,23,100000,0,0,0,0
2025,5,15,8,31,34.2,23,100000,0,0,0,0
2025,5,15,8,32,34.3,23,100000,0,0,0,0
2025,5,15,8,33,34.4,23,100000,0,0,0,0
2025,5,15,8,34,34.4,23,100000,0,0,0,0
2025,5,15,8,35,34.5,23,100000,0,0,0,0
2025,5,15,8,36,34.5,23,100000,0,0,0,0
2025,5,15,8,37,34.6,23,100000,0,0,0,0
2025,5,15,8,38,34.7,23,100000,0,0,0,0
2025,5,15,8,39,34.7,23,100000,0,0,0,0
2025,5,15,8,40,34.8,23,100000,0,0,0,0
2025,5,15,8,41,34.8,23,100000,0,0,0,0
2025,5,15,8,42,34.9,23,100000,0,0,0,0
2025,5,15,8,43,34.9,23,100000,0,0,0,0
2025,5,15,8,44,35.0,23,100000,0,0,0,0
2025,5,15,8,45,35.1,23,100000,0,0,0,0
2025,5,15,8,46,35.1,23,100000,0,0,0,0
2025,5,15,8,47,35.2,23,100000,0,0,0,0
2025,5,15,8,48,35.2,23,100000,0,0,0,0
2025,5,15,8,49,35.3,23,100000,0,0,0,0
2025,5,15,8,50,35.3,23,100000,0,0,0,0
2025,5,15,8,51,35.4,23,100000,0,0,0,0
2025,5,15,8,52,35.4,23,100000,0,0,0,0
2025,5,15,8,53,35.5,23,100000,0,0,0,0
2025,5,15,8,54,35.5,23,100000,0,0,0,0
2025,5,15,8,55,35.6,23,100000,0,0,0,0
2025,5,15,8,56,35.7,23,100000,0,0,0,0
2025,5,15,8,57,35.7,23,100000,0,0,0,0
2025,5,15,8,58,35.8,23,100000,0,0,0,0
2025,5,15,8,59,35.8,23,100000,0,0,0,0
2025,5,15,9,0,35.9,23,100000,0,0,0,0
2025,5,15,9,1,35.9,23,100000,0,0,0,0
2025,5,15,9,2,35.9,23,100000,0,0,0,0
2025,5,15,9,3,36.0,23,100000,0,0,0,0
2025,5,15,9,4,36.0,23,100000,0,0,0,0
2025,5,15,9,5,36.0,23,100000,0,0,0,0
2025,5,15,9,6,36.1,23,100000,0,0,0,0
2025,5,15,9,7,36.1,23,100000,0,0,0,0
2025,5,15,9,8,36.1,23,100000,0,0,0,0
2025,5,15,9,9,36.2,23,100000,0,0,0,0
2025,5,15,9,10,36.2,23,100000,0,0,0,0
2025,5,15,9,11,36.2,23,100000,0,0,0,0
2025,5,15,9,12,36.3,23,100000,0,0,0,0
2025,5,15,9,13,36.3,23,100000,0,0,0,0
2025,5,15,9,14,36.3,23,100000,0,0,0,0
2025,5,15,9,15,36.4,23,100000,0,0,0,0
2025,5,15,9,16,36.4,23,100000,0,0,0,0
2025,5,15,9,17,36.4,23,100000,0,0,0,0
2025,5,15,9,18,36.5,23,100000,0,0,0,0
2025,5,15,9,19,36.5,23,100000,0,0,0,0
2025,5,15,9,20,36.5,23,100000,0,0,0,0
2025,5,15,9,21,36.6,23,100000,0,0,0,0
2025,5,15,9,22,36.6,23,100000,0,0,0,0
2025,5,15,9,23,36.6,23,100000,0,0,0,0
2025,5,15,9,24,36.6,23,100000,0,0,0,0
2025,5,15,9,25,36.7,23,100000,0,0,0,0
2025,5,15,9,26,36.7,23,100000,0,0,0,0
2025,5,15,9,27,36.7,23,100000,0,0,0,0
2025,5,15,9,28,36.8,23,100000,0,0,0,0
2025,5,15,9,29,36.8,23,100000,0,0,0,0
2025,5,15,9,30,36.8,23,100000,0,0,0,0
2025,5,15,9,31,36.8,23,100000,0,0,0,0
2025,5,15,9,32,36.9,23,100000,0,0,0,0
2025,5,15,9,33,36.9,23,100000,0,0,0,0
2025,5,15,9,34,36.9,23,100000,0,0,0,0
2025,5,15,9,35,37.0,23,100000,0,0,0,0
2025,5,15,9,36,37.0,23,100000,0,0,0,0
2025,5,15,9,37,37.0,23,100000,0,0,0,0
2025,5,15,9,38,37.0,23,100000,0,0,0,0
2025,5,15,9,39,37.1,23,100000,0,0,0,0
2025,5,15,9,40,37.1,23,100000,0,0,0,0
2025,5,15,9,41,37.1,23,100000,0,0,0,0
2025,5,15,9,42,37.1,23,100000,0,0,0,0
2025,5,15,9,43,37.2,23,100000,0,0,0,0
2025,5,15,9,44,37.2,23,100000,0,0,0,0
2025,5,15,9,45,37.2,23,100000,0,0,0,0
2025,5,15,9,46,37.2,23,100000,0,0,0,0
2025,5,15,9,47,37.3,23,100000,0,0,0,0
2025,5,15,9,48,37.3,23,100000,0,0,0,0
2025,5,15,9,49,37.3,23,100000,0,0,0,0
2025,5,15,9,50,37.3,23,100000,0,0,0,0
2025,5,15,9,51,37.4,23,100000,0,0,0,0
2025,5,15,9,52,37.4,23,100000,0,0,0,0
2025,5,15,9,53,37.4,23,100000,0,0,0,0
2025,5,15,9,54,37.4,23,100000,0,0,0,0
2025,5,15,9,55,37.4,23,100000,0,0,0,0
2025,5,15,9,56,37.5,23,100000,0,0,0,0
2025,5,15,9,57,37.5,23,100000,0,0,0,0
2025,5,15,9,58,37.5,23,100000,0,0,0,0
2025,5,15,9,59,37.5,23,100000,0,0,0,0
2025,5,15,10,0,37.6,23,100000,0,0,0,0
2025,5,15,10,1,37.6,23,100000,0,0,0,0
2025,5,15,10,2,37.6,23,100000,0,0,0,0
2025,5,15,10,3,37.6,23,100000,0,0,0,0
2025,5,15,10,4,37.6,23,100000,0,0,0,0
2025,5,15,10,5,37.6,23,100000,0,0,0,0
2025,5,15,10,6,37.7,23,100000,0,0,0,0
2025,5,15,10,7,37.7,23,100000,0,0,0,0
2025,5,15,10,8,37.7,23,100000,0,0,0,0
2025,5,15,10,9,37.7,23,100000,0,0,0,0
2025,5,15,10,10,37.7,23,100000,0,0,0,0
2025,5,15,10,11,37.7,23,100000,0,0,0,0
2025,5,15,10,12,37.7,23,100000,0,0,0,0
2025,5,15,10,13,37.8,23,100000,0,0,0,0
2025,5,15,10,14,37.8,23,100000,0,0,0,0
2025,5,15,10,15,37.8,23,100000,0,0,0,0
2025,5,15,10,16,37.8,23,100000,0,0,0,0
2025,5,15,10,17,37.8,23,100000,0,0,0,0
2025,5,15,10,18,37.8,23,100000,0,0,0,0
2025,5,15,10,19,37.8,23,100000,0,0,0,0
2025,5,15,10,20,37.8,23,100000,0,0,0,0
2025,5,15,10,21,37.9,23,100000,0,0,0,0
2025,5,15,10,22,37.9,23,100000,0,0,0,0
2025,5,15,10,23,37.9,23,100000,0,0,0,0
2025,5,15,10,24,37.9,23,100000,0,0,0,0
2025,5,15,10,25,37.9,23,100000,0,0,0,0
2025,5,15,10,26,37.9,23,100000,0,0,0,0
2025,5,15,10,27,37.9,23,100000,0,0,0,0
2025,5,15,10,28,37.9,23,100000,0,0,0,0
2025,5,15,10,29,37.9,23,100000,0,0,0,0
2025,5,15,10,30,38.0,23,100000,0,0,0,0
2025,5,15,10,31,38.0,23,100000,0,0,0,0
2025,5,15,10,32,38.0,23,100000,0,0,0,0
2025,5,15,10,33,38.0,23,100000,0,0,0,0
2025,5,15,10,34,38.0,23,100000,0,0,0,0
2025,5,15,10,35,38.0,23,100000,0,0,0,0
2025,5,15,10,36,38.0,23,100000,0,0,0,0
2025,5,15,10,37,38.0,23,100000,0,0,0,0
2025,5,15,10,38,38.0,23,100000,0,0,0,0
2025,5,15,10,39,38.0,23,100000,0,0,0,0
2025,5,15,10,40,38.0,23,100000,0,0,0,0
2025,5,15,10,41,38.0,23,100000,0,0,0,0
2025,5,15,10,42,38.1,23,100000,0,0,0,0
2025,5,15,10,43,38.1,23,100000,0,0,0,0
2025,5,15,10,44,38.1,23,100000,0,0,0,0
2025,5,15,10,45,38.1,23,100000,0,0,0,0
2025,5,15,10,46,38.1,23,100000,0,0,0,0
2025,5,15,10,47,38.1,23,100000,0,0,0,0
2025,5,15,10,48,38.1,23,100000,0,0,0,0
2025,5,15,10,49,38.1,23,100000,0,0,0,0
2025,5,15,10,50,38.1,23,100000,0,0,0,0
2025,5,15,10,51,38.1,23,100000,0,0,0,0
2025,5,15,10,52,38.1,23,100000,0,0,0,0
2025,5,15,10,53,38.1,23,100000,0,0,0,0
2025,5,15,10,54,38.1,23,100000,0,0,0,0
2025,5,15,10,55,38.1,23,100000,0,0,0,0
2025,5,15,10,56,38.1,23,100000,0,0,0,0
2025,5,15,10,57,38.1,23,100000,0,0,0,0
2025,5,15,10,58,38.1,23,100000,0,0,0,0
2025,5,15,10,59,38.1,23,100000,0,0,0,0
2025,5,15,11,0,38.1,23,100000,0,0,0,0
2025,5,15,11,1,38.1,23,100000,0,0,0,0
2025,5,15,11,2,38.1,23,100000,0,0,0,0
2025,5,15,11,3,38.1,23,100000,0,0,0,0
2025,5,15,11,4,38.1,23,100000,0,0,0,0
2025,5,15,11,5,38.0,23,100000,0,0,0,0
2025,5,15,11,6,38.0,23,100000,0,0,0,0
2025,5,15,11,7,38.0,23,100000,0,0,0,0
2025,5,15,11,8,38.0,23,100000,0,0,0,0
2025,5,15,11,9,38.0,23,100000,0,0,0,0
2025,5,15,11,10,38.0,23,100000,0,0,0,0
2025,5,15,11,11,37.9,23,100000,0,0,0,0
2025,5,15,11,12,37.9,23,100000,0,0,0,0
2025,5,15,11,13,37.9,23,100000,0,0,0,0
2025,5,15,11,14,37.9,23,100000,0,0,0,0
2025,5,15,11,15,37.9,23,100000,0,0,0,0
2025,5,15,11,16,37.9,23,100000,0,0,0,0
2025,5,15,11,17,37.8,23,100000,0,0,0,0
2025,5,15,11,18,37.8,23,100000,0,0,0,0
2025,5,15,11,19,37.8,23,100000,0,0,0,0
2025,5,15,11,20,37.8,23,100000,0,0,0,0
2025,5,15,11,21,37.8,23,100000,0,0,0,0
2025,5,15,11,22,37.7,23,100000,0,0,0,0
2025,5,15,11,23,37.7,23,100000,0,0,0,0
2025,5,15,11,24,37.7,23,100000,0,0,0,0
2025,5,15,11,25,37.7,23,100000,0,0,0,0
2025,5,15,11,26,37.7,23,100000,0,0,0,0
2025,5,15,11,27,37.7,23,100000,0,0,0,0
2025,5,15,11,28,37.6,23,100000,0,0,0,0
2025,5,15,11,29,37.6,23,100000,0,0,0,0
2025,5,15,11,30,37.6,23,100000,0,0,0,0
2025,5,15,11,31,37.6,23,100000,0,0,0,0
2025,5,15,11,32,37.6,23,100000,0,0,0,0
2025,5,15,11,33,37.5,23,100000,0,0,0,0
2025,5,15,11,34,37.5,23,100000,0,0,0,0
2025,5,15,11,35,37.5,23,100000,0,0,0,0
2025,5,15,11,36,37.5,23,100000,0,0,0,0
2025,5,15,11,37,37.5,23,100000,0,0,0,0
2025,5,15,11,38,37.5,23,100000,0,0,0,0
2025,5,15,11,39,37.4,23,100000,0,0,0,0
2025,5,15,11,40,37.4,23,100000,0,0,0,0
2025,5,15,11,41,37.4,23,100000,0,0,0,0
2025,5,15,11,42,37.4,23,100000,0,0,0,0
2025,5,15,11,43,37.4,23,100000,0,0,0,0
2025,5,15,11,44,37.3,23,100000,0,0,0,0
2025,5,15,11,45,37.3,23,100000,0,0,0,0
2025,5,15,11,46,37.3,23,100000,0,0,0,0
2025,5,15,11,47,37.3,23,100000,0,0,0,0
2025,5,15,11,48,37.3,23,100000,0,0,0,0
2025,5,15,11,49,37.2,23,100000,0,0,0,0
2025,5,15,11,50,37.2,23,100000,0,0,0,0
2025,5,15,11,51,37.2,23,100000,0,0,0,0
2025,5,15,11,52,37.2,23,100000,0,0,0,0
2025,5,15,11,53,37.2,23,100000,0,0,0,0
2025,5,15,11,54,37.1,23,100000,0,0,0,0
2025,5,15,11,55,37.1,23,100000,0,0,0,0
2025,5,15,11,56,37.1,23,100000,0,0,0,0
2025,5,15,11,57,37.1,23,100000,0,0,0,0
2025,5,15,11,58,37.1,23,100000,0,0,0,0
2025,5,15,11,59,37.0,23,100000,0,0,0,0
2025,5,15,12,0,37.0,23,100000,0,0,0,0
2025,5,15,12,1,37.0,23,100000,0,0,0,0
2025,5,15,12,2,37.0,23,100000,0,0,0,0
2025,5,15,12,3,36.9,23,100000,0,0,0,0
2025,5,15,12,4,36.9,23,100000,0,0,0,0
2025,5,15,12,5,36.9,23,100000,0,0,0,0
2025,5,15,12,6,36.8,23,100000,0,0,0,0
2025,5,15,12,7,36.8,23,100000,0,0,0,0
2025,5,15,12,8,36.8,23,100000,0,0,0,0
2025,5,15,12,9,36.8,23,100000,0,0,0,0
2025,5,15,12,10,36.7,23,100000,0,0,0,0
2025,5,15,12,11,36.7,23,100000,0,0,0,0
2025,5,15,12,12,36.7,23,100000,0,0,0,0
2025,5,15,12,13,36.6,23,100000,0,0,0,0
2025,5,15,12,14,36.6,23,100000,0,0,0,0
2025,5,15,12,15,36.6,23,100000,0,0,0,0
2025,5,15,12,16,36.6,23,100000,0,0,0,0
2025,5,15,12,17,36.5,23,100000,0,0,0,0
2025,5,15,12,18,36.5,23,100000,0,0,0,0
2025,5,15,12,19,36.5,23,100000,0,0,0,0
2025,5,15,12,20,36.5,23,100000,0,0,0,0
2025,5,15,12,21,36.4,23,100000,0,0,0,0
2025,5,15,12,22,36.4,23,100000,0,0,0,0
2025,5,15,12,23,36.4,23,100000,0,0,0,0
2025,5,15,12,24,36.3,23,100000,0,0,0,0
2025,5,15,12,25,36.3,23,100000,0,0,0,0
2025,5,15,12,26,36.3,23,100000,0,0,0,0
2025,5,15,12,27,36.3,23,100000,0,0,0,0
2025,5,15,12,28,36.2,23,100000,0,0,0,0
2025,5,15,12,29,36.2,23,100000,0,0,0,0
2025,5,15,12,30,36.2,23,100000,0,0,0,0
2025,5,15,12,31,36.2,23,100000,0,0,0,0
2025,5,15,12,32,36.1,23,100000,0,0,0,0
2025,5,15,12,33,36.1,23,100000,0,0,0,0
2025,5,15,12,34,36.1,23,100000,0,0,0,0
2025,5,15,12,35,36.2,23,100000,0,0,0,0
2025,5,15,12,36,36.2,23,100000,0,0,0,0
2025,5,15,12,37,36.2,23,100000,0,0,0,0
2025,5,15,12,38,36.3,23,100000,0,0,0,0
2025,5,15,12,39,36.3,23,100000,0,0,0,0
2025,5,15,12,40,36.3,23,100000,0,0,0,0
2025,5,15,12,41,36.3,23,100000,0,0,0,0
2025,5,15,12,42,36.4,23,100000,0,0,0,0
2025,5,15,12,43,36.4,23,100000,0,0,0,0
2025,5,15,12,44,36.4,23,100000,0,0,0,0
2025,5,15,12,45,36.4,23,100000,0,0,0,0
2025,5,15,12,46,36.5,23,100000,0,0,0,0
2025,5,15,12,47,36.5,23,100000,0,0,0,0
2025,5,15,12,48,36.5,23,100000,0,0,0,0
2025,5,15,12,49,36.6,23,100000,0,0,0,0
2025,5,15,12,50,36.6,23,100000,0,0,0,0
2025,5,15,12,51,36.6,23,100000,0,0,0,0
2025,5,15,12,52,36.6,23,100000,0,0,0,0
2025,5,15,12,53,36.7,23,100000,0,0,0,0
2025,5,15,12,54,36.7,23,100000,0,0,0,0
2025,5,15,12,55,36.7,23,100000,0,0,0,0
2025,5,15,12,56,36.7,23,100000,0,0,0,0
2025,5,15,12,57,36.8,23,100000,0,0,0,0
2025,5,15,12,58,36.8,23,100000,0,0,0,0
2025,5,15,12,59,36.8,23,100000,0,0,0,0
2025,5,15,13,0,36.8,23,100000,0,0,0,0
2025,5,15,13,1,36.9,23,100000,0,0,0,0
2025,5,15,13,2,36.9,23,100000,0,0,0,0
2025,5,15,13,3,36.9,23,100000,0,0,0,0
2025,5,15,13,4,36.9,23,100000,0,0,0,0
2025,5,15,13,5,36.9,23,100000,0,0,0,0
2025,5,15,13,6,37.0,23,100000,0,0,0,0
2025,5,15,13,7,37.0,23,100000,0,0,0,0
2025,5,15,13,8,37.0,23,100000,0,0,0,0
2025,5,15,13,9,37.0,23,100000,0,0,0,0
2025,5,15,13,10,37.0,23,100000,0,0,0,0
2025,5,15,13,11,37.1,23,100000,0,0,0,0
2025,5,15,13,12,37.1,23,100000,0,0,0,0
2025,5,15,13,13,37.1,23,100000,0,0,0,0
2025,5,15,13,14,37.1,23,100000,0,0,0,0
2025,5,15,13,15,37.1,23,100000,0,0,0,0
2025,5,15,13,16,37.2,23,100000,0,0,0,0
2025,5,15,13,17,37.2,23,100000,0,0,0,0
2025,5,15,13,18,37.2,23,100000,0,0,0,0
2025,5,15,13,19,37.2,23,100000,0,0,0,0
2025,5,15,13,20,37.2,23,100000,0,0,0,0
2025,5,15,13,21,37.3,23,100000,0,0,0,0
2025,5,15,13,22,37.3,23,100000,0,0,0,0
2025,5,15,13,23,37.3,23,100000,0,0,0,0
2025,5,15,13,24,37.3,23,100000,0,0,0,0
2025,5,15,13,25,37.3,23,100000,0,0,0,0
2025,5,15,13,26,37.4,23,100000,0,0,0,0
2025,5,15,13,27,37.4,23,100000,0,0,0,0
2025,5,15,13,28,37.4,23,100000,0,0,0,0
2025,5,15,13,29,37.4,23,100000,0,0,0,0
2025,5,15,13,30,37.4,23,100000,0,0,0,0
2025,5,15,13,31,37.4,23,100000,0,0,0,0
2025,5,15,13,32,37.5,23,100000,0,0,0,0
2025,5,15,13,33,37.5,23,100000,0,0,0,0
2025,5,15,13,34,37.5,23,100000,0,0,0,0
2025,5,15,13,35,37.5,23,100000,0,0,0,0
2025,5,15,13,36,37.5,23,100000,0,0,0,0
2025,5,15,13,37,37.5,23,100000,0,0,0,0
2025,5,15,13,38,37.6,23,100000,0,0,0,0
2025,5,15,13,39,37.6,23,100000,0,0,0,0
2025,5,15,13,40,37.6,23,100000,0,0,0,0
2025,5,15,13,41,37.6,23,100000,0,0,0,0
2025,5,15,13,42,37.6,23,100000,0,0,0,0
2025,5,15,13,43,37.6,23,100000,0,0,0,0
2025,5,15,13,44,37.7,23,100000,0,0,0,0
2025,5,15,13,45,37.7,23,100000,0,0,0,0
2025,5,15,13,46,37.7,23,100000,0,0,0,0
2025,5,15,13,47,37.7,23,100000,0,0,0,0
2025,5,15,13,48,37.7,23,100000,0,0,0,0
2025,5,15,13,49,37.7,23,100000,0,0,0,0
2025,5,15,13,50,37.7,23,100000,0,0,0,0
2025,5,15,13,51,37.8,23,100000,0,0,0,0
2025,5,15,13,52,37.8,23,100000,0,0,0,0
2025,5,15,13,53,37.8,23,100000,0,0,0,0
2025,5,15,13,54,37.8,23,100000,0,0,0,0
2025,5,15,13,55,37.8,23,100000,0,0,0,0
2025,5,15,13,56,37.8,23,100000,0,0,0,0
2025,5,15,13,57,37.8,23,100000,0,0,0,0
2025,5,15,13,58,37.9,23,100000,0,0,0,0
2025,5,15,13,59,37.9,23,100000,0,0,0,0
2025,5,15,14,0,37.9,23,100000,0,0,0,0
2025,5,15,14,1,37.9,23,100000,0,0,0,0
2025,5,15,14,2,37.9,23,100000,0,0,0,0
2025,5,15,14,3,37.9,23,100000,0,0,0,0
2025,5,15,14,4,37.9,23,100000,0,0,0,0
2025,5,15,14,5,37.9,23,100000,0,0,0,0
2025,5,15,14,6,37.9,23,100000,0,0,0,0
2025,5,15,14,7,37.9,23,100000,0,0,0,0
2025,5,15,14,8,37.9,23,100000,0,0,0,0
2025,5,15,14,9,37.9,23,100000,0,0,0,0
2025,5,15,14,10,37.9,23,100000,0,0,0,0
2025,5,15,14,11,37.9,23,100000,0,0,0,0
2025,5,15,14,12,37.9,23,100000,0,0,0,0
2025,5,15,14,13,37.9,23,100000,0,0,0,0
2025,5,15,14,14,37.9,23,100000,0,0,0,0
2025,5,15,14,15,37.9,23,100000,0,0,0,0
2025,5,15,14,16,37.9,23,100000,0,0,0,0
2025,5,15,14,17,37.9,23,100000,0,0,0,0
2025,5,15,14,18,37.9,23,100000,0,0,0,0
2025,5,15,14,19,37.9,23,100000,0,0,0,0
2025,5,15,14,20,37.9,23,100000,0,0,0,0
2025,5,15,14,21,37.9,23,100000,0,0,0,0
2025,5,15,14,22,37.9,23,100000,0,0,0,0
2025,5,15,14,23,37.9,23,100000,0,0,0,0
2025,5,15,14,24,37.9,23,100000,0,0,0,0
2025,5,15,14,25,37.9,23,100000,0,0,0,0
2025,5,15,14,26,37.9,23,100000,0,0,0,0
2025,5,15,14,27,37.9,23,100000,0,0,0,0
2025,5,15,14,28,37.9,23,100000,0,0,0,0
2025,5,15,14,29,37.9,23,100000,0,0,0,0
2025,5,15,14,30,37.9,23,100000,0,0,0,0
2025,5,15,14,31,37.9,23,100000,0,0,0,0
2025,5,15,14,32,37.9,23,100000,0,0,0,0
2025,5,15,14,33,37.9,23,100000,0,0,0,0
2025,5,15,14,34,37.9,23,100000,0,0,0,0
2025,5,15,14,35,37.9,23,100000,0,0,0,0
2025,5,15,14,36,37.9,23,100000,0,0,0,0
2025,5,15,14,37,37.9,23,100000,0,0,0,0
2025,5,15,14,38,37.9,23,100000,0,0,0,0
2025,5,15,14,39,37.9,23,100000,0,0,0,0
2025,5,15,14,40,37.9,23,100000,0,0,0,0
2025,5,15,14,41,37.9,23,100000,0,0,0,0
2025,5,15,14,42,37.9,23,100000,0,0,0,0
2025,5,15,14,43,37.9,23,100000,0,0,0,0
2025,5,15,14,44,37.9,23,100000,0,0,0,0
2025,5,15,14,45,37.9,23,100000,0,0,0,0
2025,5,15,14,46,37.9,23,100000,0,0,0,0
2025,5,15,14,47,37.9,23,100000,0,0,0,0
2025,5,15,14,48,37.9,23,100000,0,0,0,0
2025,5,15,14,49,37.8,23,100000,0,0,0,0
2025,5,15,14,50,37.8,23,100000,0,0,0,0
2025,5,15,14,51,37.8,23,100000,0,0,0,0
2025,5,15,14,52,37.8,23,100000,0,0,0,0
2025,5,15,14,53,37.8,23,100000,0,0,0,0
2025,5,15,14,54,37.8,23,100000,0,0,0,0
2025,5,15,14,55,37.8,23,100000,0,0,0,0
2025,5,15,14,56,37.8,23,100000,0,0,0,0
2025,5,15,14,57,37.8,23,100000,0,0,0,0
2025,5,15,14,58,37.8,23,100000,0,0,0,0
2025,5,15,14,59,37.8,23,100000,0,0,0,0
2025,5,15,15,0,37.8,23,100000,0,0,0,0
2025,5,15,15,1,37.8,23,100000,0,0,0,0
2025,5,15,15,2,37.8,23,100000,0,0,0,0
2025,5,15,15,3,37.7,23,100000,0,0,0,0
2025,5,15,15,4,37.7,23,100000,0,0,0,0
2025,5,15,15,5,37.7,23,100000,0,0,0,0
2025,5,15,15,6,37.7,23,100000,0,0,0,0
2025,5,15,15,7,37.7,23,100000,0,0,0,0
2025,5,15,15,8,37.7,23,100000,0,0,0,0
2025,5,15,15,9,37.7,23,100000,0,0,0,0
2025,5,15,15,10,37.6,23,100000,0,0,0,0
2025,5,15,15,11,37.6,23,100000,0,0,0,0
2025,5,15,15,12,37.6,23,100000,0,0,0,0
2025,5,15,15,13,37.6,23,100000,0,0,0,0
2025,5,15,15,14,37.6,23,100000,0,0,0,0
2025,5,15,15,15,37.6,23,100000,0,0,0,0
2025,5,15,15,16,37.6,23,100000,0,0,0,0
2025,5,15,15,17,37.5,23,100000,0,0,0,0
2025,5,15,15,18,37.5,23,100000,0,0,0,0
2025,5,15,15,19,37.5,23,100000,0,0,0,0
2025,5,15,15,20,37.5,23,100000,0,0,0,0
2025,5,15,15,21,37.5,23,100000,0,0,0,0
2025,5,15,15,22,37.5,23,100000,0,0,0,0
2025,5,15,15,23,37.4,23,100000,0,0,0,0
2025,5,15,15,24,37.4,23,100000,0,0,0,0
2025,5,15,15,25,37.4,23,100000,0,0,0,0
2025,5,15,15,26,37.4,23,100000,0,0,0,0
2025,5,15,15,27,37.4,23,100000,0,0,0,0
2025,5,15,15,28,37.3,23,100000,0,0,0,0
2025,5,15,15,29,37.3,23,100000,0,0,0,0
2025,5,15,15,30,37.3,23,100000,0,0,0,0
2025,5,15,15,31,37.3,23,100000,0,0,0,0
2025,5,15,15,32,37.3,23,100000,0,0,0,0
2025,5,15,15,33,37.3,23,100000,0,0,0,0
2025,5,15,15,34,37.2,23,100000,0,0,0,0
2025,5,15,15,35,37.2,23,100000,0,0,0,0
2025,5,15,15,36,37.2,23,100000,0,0,0,0
2025,5,15,15,37,37.2,23,100000,0,0,0,0
2025,5,15,15,38,37.2,23,100000,0,0,0,0
2025,5,15,15,39,37.1,23,100000,0,0,0,0
2025,5,15,15,40,37.1,23,100000,0,0,0,0
2025,5,15,15,41,37.1,23,100000,0,0,0,0
2025,5,15,15,42,37.1,23,100000,0,0,0,0
2025,5,15,15,43,37.1,23,100000,0,0,0,0
2025,5,15,15,44,37.0,23,100000,0,0,0,0
2025,5,15,15,45,37.0,23,100000,0,0,0,0
2025,5,15,15,46,37.0,23,100000,0,0,0,0
2025,5,15,15,47,37.0,23,100000,0,0,0,0
2025,5,15,15,48,36.9,23,100000,0,0,0,0
2025,5,15,15,49,36.9,23,100000,0,0,0,0
2025,5,15,15,50,36.9,23,100000,0,0,0,0
2025,5,15,15,51,36.9,23,100000,0,0,0,0
2025,5,15,15,52,36.9,23,100000,0,0,0,0
2025,5,15,15,53,36.8,23,100000,0,0,0,0
2025,5,15,15,54,36.8,23,100000,0,0,0,0
2025,5,15,15,55,36.8,23,100000,0,0,0,0
2025,5,15,15,56,36.8,23,100000,0,0,0,0
2025,5,15,15,57,36.7,23,100000,0,0,0,0
2025,5,15,15,58,36.7,23,100000,0,0,0,0
2025,5,15,15,59,36.7,23,100000,0,0,0,0
2025,5,15,16,0,36.7,23,100000,0,0,0,0
2025,5,15,16,1,36.6,23,100000,0,0,0,0
2025,5,15,16,2,36.6,23,100000,0,0,0,0
2025,5,15,16,3,36.6,23,100000,0,0,0,0
2025,5,15,16,4,36.6,23,100000,0,0,0,0
2025,5,15,16,5,36.5,23,100000,0,0,0,0
2025,5,15,16,6,36.5,23,100000,0,0,0,0
2025,5,15,16,7,36.5,23,100000,0,0,0,0
2025,5,15,16,8,36.5,23,100000,0,0,0,0
2025,5,15,16,9,36.4,23,100000,0,0,0,0
2025,5,15,16,10,36.4,23,100000,0,0,0,0
2025,5,15,16,11,36.4,23,100000,0,0,0,0
2025,5,15,16,12,36.4,23,100000,0,0,0,0
2025,5,15,16,13,36.3,23,100000,0,0,0,0
2025,5,15,16,14,36.3,23,100000,0,0,0,0
2025,5,15,16,15,36.3,23,100000,0,0,0,0
2025,5,15,16,16,36.3,23,100000,0,0,0,0
2025,5,15,16,17,36.2,23,100000,0,0,0,0
2025,5,15,16,18,36.2,23,100000,0,0,0,0
2025,5,15,16,19,36.2,23,100000,0,0,0,0
2025,5,15,16,20,36.2,23,100000,0,0,0,0
2025,5,15,16,21,36.1,23,100000,0,0,0,0
2025,5,15,16,22,36.1,23,100000,0,0,0,0
2025,5,15,16,23,36.1,23,100000,0,0,0,0
2025,5,15,16,24,36.0,23,100000,0,0,0,0
2025,5,15,16,25,36.0,23,100000,0,0,0,0
2025,5,15,16,26,36.0,23,100000,0,0,0,0
2025,5,15,16,27,36.0,23,100000,0,0,0,0
2025,5,15,16,28,35.9,23,100000,0,0,0,0
2025,5,15,16,29,35.9,23,100000,0,0,0,0
2025,5,15,16,30,35.9,23,100000,0,0,0,0
2025,5,15,16,31,35.8,23,100000,0,0,0,0
2025,5,15,16,32,35.8,23,100000,0,0,0,0
2025,5,15,16,33,35.8,23,100000,0,0,0,0
2025,5,15,16,34,35.8,23,100000,0,0,0,0
2025,5,15,16,35,35.7,23,100000,0,0,0,0
2025,5,15,16,36,35.7,23,100000,0,0,0,0
2025,5,15,16,37,35.7,23,100000,0,0,0,0
2025,5,15,16,38,35.7,23,100000,0,0,0,0
2025,5,15,16,39,35.6,23,100000,0,0,0,0
2025,5,15,16,40,35.6,23,100000,0,0,0,0
2025,5,15,16,41,35.6,23,100000,0,0,0,0
2025,5,15,16,42,35.5,23,100000,0,0,0,0
2025,5,15,16,43,35.5,23,100000,0,0,0,0
2025,5,15,16,44,35.5,23,100000,0,0,0,0
2025,5,15,16,45,35.4,23,100000,0,0,0,0
2025,5,15,16,46,35.4,23,100000,0,0,0,0
2025,5,15,16,47,35.4,23,100000,0,0,0,0
2025,5,15,16,48,35.4,23,100000,0,0,0,0
2025,5,15,16,49,35.3,23,100000,0,0,0,0
2025,5,15,16,50,35.3,23,100000,0,0,0,0
2025,5,15,16,51,35.3,23,100000,0,0,0,0
2025,5,15,16,52,35.2,23,100000,0,0,0,0
2025,5,15,16,53,35.2,23,100000,0,0,0,0
2025,5,15,16,54,35.2,23,100000,0,0,0,0
2025,5,15,16,55,35.2,23,100000,0,0,0,0
2025,5,15,16,56,35.1,23,100000,0,0,0,0
2025,5,15,16,57,35.1,23,100000,0,0,0,0
2025,5,15,16,58,35.1,23,100000,0,0,0,0
2025,5,15,16,59,35.0,23,100000,0,0,0,0
2025,5,15,17,0,35.0,23,100000,0,0,0,0
2025,5,15,17,1,35.0,23,100000,0,0,0,0
2025,5,15,17,2,34.9,23,100000,0,0,0,0
2025,5,15,17,3,34.9,23,100000,0,0,0,0
2025,5,15,17,4,34.9,23,100000,0,0,0,0
2025,5,15,17,5,34.9,23,100000,0,0,0,0
2025,5,15,17,6,34.8,23,100000,0,0,0,0
2025,5,15,17,7,34.8,23,100000,0,0,0,0
2025,5,15,17,8,34.8,23,100000,0,0,0,0
2025,5,15,17,9,34.7,23,100000,0,0,0,0
2025,5,15,17,10,34.7,23,100000,0,0,0,0
2025,5,15,17,11,34.7,23,100000,0,0,0,0
2025,5,15,17,12,34.7,23,100000,0,0,0,0
2025,5,15,17,13,34.6,23,100000,0,0,0,0
2025,5,15,17,14,34.6,23,100000,0,0,0,0
2025,5,15,17,15,34.6,23,100000,0,0,0,0
2025,5,15,17,16,34.5,23,100000,0,0,0,0
2025,5,15,17,17,34.5,23,100000,0,0,0,0
2025,5,15,17,18,34.5,23,100000,0,0,0,0
2025,5,15,17,19,34.5,23,100000,0,0,0,0
2025,5,15,17,20,34.4,23,100000,0,0,0,0
2025,5,15,17,21,34.4,23,100000,0,0,0,0
2025,5,15,17,22,34.4,23,100000,0,0,0,0
2025,5,15,17,23,34.3,23,100000,0,0,0,0
2025,5,15,17,24,34.3,23,100000,0,0,0,0
2025,5,15,17,25,34.3,23,100000,0,0,0,0
2025,5,15,17,26,34.3,23,100000,0,0,0,0
2025,5,15,17,27,34.2,23,100000,0,0,0,0
2025,5,15,17,28,34.2,23,100000,0,0,0,0
2025,5,15,17,29,34.2,23,100000,0,0,0,0
2025,5,15,17,30,34.1,23,100000,0,0,0,0
2025,5,15,17,31,34.1,23,100000,0,0,0,0
2025,5,15,17,32,34.1,23,100000,0,0,0,0
2025,5,15,17,33,34.0,23,100000,0,0,0,0
2025,5,15,17,34,34.0,23,100000,0,0,0,0
2025,5,15,17,35,34.0,23,100000,0,0,0,0
2025,5,15,17,36,34.0,23,100000,0,0,0,0
2025,5,15,17,37,33.9,23,100000,0,0,0,0
2025,5,15,17,38,33.9,23,100000,0,0,0,0
2025,5,15,17,39,33.9,23,100000,0,0,0,0
2025,5,15,17,40,33.8,23,100000,0,0,0,0
2025,5,15,17,41,33.8,23,100000,0,0,0,0
2025,5,15,17,42,33.8,23,100000,0,0,0,0
2025,5,15,17,43,33.7,23,100000,0,0,0,0
2025,5,15,17,44,33.7,23,100000,0,0,0,0
2025,5,15,17,45,33.7,23,100000,0,0,0,0
2025,5,15,17,46,33.6,23,100000,0,0,0,0
2025,5,15,17,47,33.6,23,100000,0,0,0,0
2025,5,15,17,48,33.6,23,100000,0,0,0,0
2025,5,15,17,49,33.5,23,100000,0,0,0,0
2025,5,15,17,50,33.5,23,100000,0,0,0,0
2025,5,15,17,51,33.5,23,100000,0,0,0,0
2025,5,15,17,52,33.5,23,100000,0,0,0,0
2025,5,15,17,53,33.4,23,100000,0,0,0,0
2025,5,15,17,54,33.4,23,100000,0,0,0,0
2025,5,15,17,55,33.4,23,100000,0,0,0,0
2025,5,15,17,56,33.3,23,100000,0,0,0,0
2025,5,15,17,57,33.3,23,100000,0,0,0,0
2025,5,15,17,58,33.3,23,100000,0,0,0,0
2025,5,15,17,59,33.2,23,100000,0,0,0,0
2025,5,15,18,0,33.2,23,100000,0,0,0,0
2025,5,15,18,1,33.2,23,100000,0,0,0,0
2025,5,15,18,2,33.2,23,100000,0,0,0,0
2025,5,15,18,3,33.1,23,100000,0,0,0,0
2025,5,15,18,4,33.1,23,100000,0,0,0,0
2025,5,15,18,5,33.1,23,100000,0,0,0,0
2025,5,15,18,6,33.1,23,100000,0,0,0,0
2025,5,15,18,7,33.1,23,100000,0,0,0,0
2025,5,15,18,8,33.0,23,100000,0,0,0,0
2025,5,15,18,9,33.0,23,100000,0,0,0,0
2025,5,15,18,10,33.0,23,100000,0,0,0,0
2025,5,15,18,11,33.0,23,100000,0,0,0,0
2025,5,15,18,12,33.0,23,100000,0,0,0,0
2025,5,15,18,13,33.0,23,100000,0,0,0,0
2025,5,15,18,14,32.9,23,100000,0,0,0,0
2025,5,15,18,15,32.9,23,100000,0,0,0,0
2025,5,15,18,16,32.9,23,100000,0,0,0,0
2025,5,15,18,17,32.9,23,100000,0,0,0,0
2025,5,15,18,18,32.9,23,100000,0,0,0,0
2025,5,15,18,19,32.8,23,100000,0,0,0,0
2025,5,15,18,20,32.8,23,100000,0,0,0,0
2025,5,15,18,21,32.8,23,100000,0,0,0,0
2025,5,15,18,22,32.8,23,100000,0,0,0,0
2025,5,15,18,23,32.8,23,100000,0,0,0,0
2025,5,15,18,24,32.7,23,100000,0,0,0,0
2025,5,15,18,25,32.7,23,100000,0,0,0,0
2025,5,15,18,26,32.7,23,100000,0,0,0,0
2025,5,15,18,27,32.7,23,100000,0,0,0,0
2025,5,15,18,28,32.7,23,100000,0,0,0,0
2025,5,15,18,29,32.6,23,100000,0,0,0,0
2025,5,15,18,30,32.6,23,100000,0,0,0,0
2025,5,15,18,31,32.6,23,100000,0,0,0,0
2025,5,15,18,32,32.6,23,100000,0,0,0,0
2025,5,15,18,33,32.6,23,100000,0,0,0,0
2025,5,15,18,34,32.5,23,100000,0,0,0,0
2025,5,15,18,35,32.5,23,100000,0,0,0,0
2025,5,15,18,36,32.5,23,100000,0,0,0,0
2025,5,15,18,37,32.5,23,100000,0,0,0,0
2025,5,15,18,38,32.5,23,100000,0,0,0,0
2025,5,15,18,39,32.4,23,100000,0,0,0,0
2025,5,15,18,40,32.4,23,100000,0,0,0,0
2025,5,15,18,41,32.4,23,100000,0,0,0,0
2025,5,15,18,42,32.4,23,100000,0,0,0,0
2025,5,15,18,43,32.4,23,100000,0,0,0,0
2025,5,15,18,44,32.3,23,100000,0,0,0,0
2025,5,15,18,45,32.3,23,100000,0,0,0,0
2025,5,15,18,46,32.3,23,100000,0,0,0,0
2025,5,15,18,47,32.3,23,100000,0,0,0,0
2025,5,15,18,48,32.2,23,100000,0,0,0,0
2025,5,15,18,49,32.2,23,100000,0,0,0,0
2025,5,15,18,50,32.2,23,100000,0,0,0,0
2025,5,15,18,51,32.2,23,100000,0,0,0,0
2025,5,15,18,52,32.2,23,100000,0,0,0,0
2025,5,15,18,53,32.1,23,100000,0,0,0,0
2025,5,15,18,54,32.1,23,100000,0,0,0,0
2025,5,15,18,55,32.1,23,100000,0,0,0,0
2025,5,15,18,56,32.1,23,100000,0,0,0,0
2025,5,15,18,57,32.1,23,100000,0,0,0,0
2025,5,15,18,58,32.0,23,100000,0,0,0,0
2025,5,15,18,59,32.0,23,100000,0,0,0,0
2025,5,15,19,0,32.0,23,100000,0,0,0,0
2025,5,15,19,1,32.0,23,100000,0,0,0,0
2025,5,15,19,2,32.0,23,100000,0,0,0,0
2025,5,15,19,3,31.9,23,100000,0,0,0,0
2025,5,15,19,4,31.9,23,100000,0,0,0,0
2025,5,15,19,5,31.9,23,100000,0,0,0,0
2025,5,15,19,6,31.9,23,100000,0,0,0,0
2025,5,15,19,7,31.9,23,100000,0,0,0,0
2025,5,15,19,8,31.9,23,100000,0,0,0,0
2025,5,15,19,9,31.8,23,100000,0,0,0,0
2025,5,15,19,10,31.8,23,100000,0,0,0,0
2025,5,15,19,11,31.8,23,100000,0,0,0,0
2025,5,15,19,12,31.8,23,100000,0,0,0,0
2025,5,15,19,13,31.8,23,100000,0,0,0,0
2025,5,15,19,14,31.8,23,100000,0,0,0,0
2025,5,15,19,15,31.8,23,100000,0,0,0,0
2025,5,15,19,16,31.7,23,100000,0,0,0,0
2025,5,15,19,17,31.7,23,100000,0,0,0,0
2025,5,15,19,18,31.7,23,100000,0,0,0,0
2025,5,15,19,19,31.7,23,100000,0,0,0,0
2025,5,15,19,20,31.7,23,100000,0,0,0,0
2025,5,15,19,21,31.7,23,100000,0,0,0,0
2025,5,15,19,22,31.6,23,100000,0,0,0,0
2025,5,15,19,23,31.6,23,100000,0,0,0,0
2025,5,15,19,24,31.6,23,100000,0,0,0,0
2025,5,15,19,25,31.6,23,100000,0,0,0,0
2025,5,15,19,26,31.6,23,100000,0,0,0,0
2025,5,15,19,27,31.6,23,100000,0,0,0,0
2025,5,15,19,28,31.5,23,100000,0,0,0,0
2025,5,15,19,29,31.5,23,100000,0,0,0,0
2025,5,15,19,30,31.5,23,100000,0,0,0,0
2025,5,15,19,31,31.5,23,100000,0,0,0,0
2025,5,15,19,32,31.5,23,100000,0,0,0,0
2025,5,15,19,33,31.4,23,100000,0,0,0,0
2025,5,15,19,34,31.4,23,100000,0,0,0,0
2025,5,15,19,35,31.4,23,100000,0,0,0,0
2025,5,15,19,36,31.4,23,100000,0,0,0,0
2025,5,15,19,37,31.4,23,100000,0,0,0,0
2025,5,15,19,38,31.4,23,100000,0,0,0,0
2025,5,15,19,39,31.3,23,100000,0,0,0,0
2025,5,15,19,40,31.3,23,100000,0,0,0,0
2025,5,15,19,41,31.3,23,100000,0,0,0,0
2025,5,15,19,42,31.3,23,100000,0,0,0,0
2025,5,15,19,43,31.3,23,100000,0,0,0,0
2025,5,15,19,44,31.3,23,100000,0,0,0,0
2025,5,15,19,45,31.2,23,100000,0,0,0,0
2025,5,15,19,46,31.2,23,100000,0,0,0,0
2025,5,15,19,47,31.2,23,100000,0,0,0,0
2025,5,15,19,48,31.2,23,100000,0,0,0,0
2025,5,15,19,49,31.2,23,100000,0,0,0,0
2025,5,15,19,50,31.1,23,100000,0,0,0,0
2025,5,15,19,51,31.1,23,100000,0,0,0,0
2025,5,15,19,52,31.1,23,100000,0,0,0,0
2025,5,15,19,53,31.1,23,100000,0,0,0,0
2025,5,15,19,54,31.1,23,100000,0,0,0,0
2025,5,15,19,55,31.1,23,100000,0,0,0,0
2025,5,15,19,56,31.0,23,100000,0,0,0,0
2025,5,15,19,57,31.0,23,100000,0,0,0,0
2025,5,15,19,58,31.0,23,100000,0,0,0,0
2025,5,15,19,59,31.0,23,100000,0,0,0,0
2025,5,15,20,0,31.0,23,100000,0,0,0,0
2025,5,15,20,1,30.9,23,100000,0,0,0,0
2025,5,15,20,2,30.9,23,100000,0,0,0,0
2025,5,15,20,3,30.9,23,100000,0,0,0,0
2025,5,15,20,4,30.9,23,100000,0,0,0,0
2025,5,15,20,5,30.9,23,100000,0,0,0,0
2025,5,15,20,6,30.8,23,100000,0,0,0,0
2025,5,15,20,7,30.8,23,100000,0,0,0,0
2025,5,15,20,8,30.8,23,100000,0,0,0,0
2025,5,15,20,9,30.8,23,100000,0,0,0,0
2025,5,15,20,10,30.8,23,100000,0,0,0,0
2025,5,15,20,11,30.7,23,100000,0,0,0,0
2025,5,15,20,12,30.7,23,100000,0,0,0,0
2025,5,15,20,13,30.7,23,100000,0,0,0,0
2025,5,15,20,14,30.7,23,100000,0,0,0,0
2025,5,15,20,15,30.7,23,100000,0,0,0,0
2025,5,15,20,16,30.6,23,100000,0,0,0,0
2025,5,15,20,17,30.6,23,100000,0,0,0,0
2025,5,15,20,18,30.6,23,100000,0,0,0,0
2025,5,15,20,19,30.6,23,100000,0,0,0,0
2025,5,15,20,20,30.6,23,100000,0,0,0,0
2025,5,15,20,21,30.5,23,100000,0,0,0,0
2025,5,15,20,22,30.5,23,100000,0,0,0,0
2025,5,15,20,23,30.5,23,100000,0,0,0,0
2025,5,15,20,24,30.5,23,100000,0,0,0,0
2025,5,15,20,25,30.5,23,100000,0,0,0,0
2025,5,15,20,26,30.4,23,100000,0,0,0,0
2025,5,15,20,27,30.4,23,100000,0,0,0,0
2025,5,15,20,28,30.4,23,100000,0,0,0,0
2025,5,15,20,29,30.4,23,100000,0,0,0,0
2025,5,15,20,30,30.4,23,100000,0,0,0,0
2025,5,15,20,31,30.3,23,100000,0,0,0,0
2025,5,15,20,32,30.3,23,100000,0,0,0,0
2025,5,15,20,33,30.3,23,100000,0,0,0,0
2025,5,15,20,34,30.3,23,100000,0,0,0,0
2025,5,15,20,35,30.3,23,100000,0,0,0,0
2025,5,15,20,36,30.2,23,100000,0,0,0,0
2025,5,15,20,37,30.2,23,100000,0,0,0,0
2025,5,15,20,38,30.2,23,100000,0,0,0,0
2025,5,15,20,39,30.2,23,100000,0,0,0,0
2025,5,15,20,40,30.2,23,100000,0,0,0,0
2025,5,15,20,41,30.1,23,100000,0,0,0,0
2025,5,15,20,42,30.1,23,100000,0,0,0,0
2025,5,15,20,43,30.1,23,100000,0,0,0,0
2025,5,15,20,44,30.1,23,100000,0,0,0,0
2025,5,15,20,45,30.0,23,100000,0,0,0,0
2025,5,15,20,46,30.0,23,100000,0,0,0,0
2025,5,15,20,47,30.0,23,100000,0,0,0,0
2025,5,15,20,48,30.0,23,100000,0,0,0,0
2025,5,15,20,49,30.0,23,100000,0,0,0,0
2025,5,15,20,50,29.9,23,100000,0,0,0,0
2025,5,15,20,51,29.9,23,100000,0,0,0,0
2025,5,15,20,52,29.9,23,100000,0,0,0,0
2025,5,15,20,53,29.9,23,100000,0,0,0,0
2025,5,15,20,54,29.9,23,100000,0,0,0,0
2025,5,15,20,55,29.8,23,100000,0,0,0,0
2025,5,15,20,56,29.8,23,100000,0,0,0,0
2025,5,15,20,57,29.8,23,100000,0,0,0,0
2025,5,15,20,58,29.8,23,100000,0,0,0,0
2025,5,15,20,59,29.7,23,100000,0,0,0,0
2025,5,15,21,0,29.7,23,100000,0,0,0,0
2025,5,15,21,1,29.7,23,100000,0,0,0,0
2025,5,15,21,2,29.7,23,100000,0,0,0,0
2025,5,15,21,3,29.7,23,100000,0,0,0,0
2025,5,15,21,4,29.6,23,100000,0,0,0,0
2025,5,15,21,5,29.6,23,100000,0,0,0,0
2025,5,15,21,6,29.6,23,100000,0,0,0,0
2025,5,15,21,7,29.6,23,100000,0,0,0,0
2025,5,15,21,8,29.5,23,100000,0,0,0,0
2025,5,15,21,9,29.5,23,100000,0,0,0,0
2025,5,15,21,10,29.5,23,100000,0,0,0,0
2025,5,15,21,11,29.5,23,100000,0,0,0,0
2025,5,15,21,12,29.5,23,100000,0,0,0,0
2025,5,15,21,13,29.4,23,100000,0,0,0,0
2025,5,15,21,14,29.4,23,100000,0,0,0,0
2025,5,15,21,15,29.4,23,100000,0,0,0,0
2025,5,15,21,16,29.4,23,100000,0,0,0,0
2025,5,15,21,17,29.3,23,100000,0,0,0,0
2025,5,15,21,18,29.3,23,100000,0,0,0,0
2025,5,15,21,19,29.3,23,100000,0,0,0,0
2025,5,15,21,20,29.3,23,100000,0,0,0,0
2025,5,15,21,21,29.3,23,100000,0,0,0,0
2025,5,15,21,22,29.2,23,100000,0,0,0,0
2025,5,15,21,23,29.2,23,100000,0,0,0,0
2025,5,15,21,24,29.2,23,100000,0,0,0,0
2025,5,15,21,25,29.2,23,100000,0,0,0,0
2025,5,15,21,26,29.1,23,100000,0,0,0,0
2025,5,15,21,27,29.1,23,100000,0,0,0,0
2025,5,15,21,28,29.1,23,100000,0,0,0,0
2025,5,15,21,29,29.1,23,100000,0,0,0,0
2025,5,15,21,30,29.1,23,100000,0,0,0,0
2025,5,15,21,31,29.0,23,100000,0,0,0,0
2025,5,15,21,32,29.0,23,100000,0,0,0,0
2025,5,15,21,33,29.0,23,100000,0,0,0,0
2025,5,15,21,34,29.0,23,100000,0,0,0,0
2025,5,15,21,35,28.9,23,100000,0,0,0,0
2025,5,15,21,36,28.9,23,100000,0,0,0,0
2025,5,15,21,37,28.9,23,100000,0,0,0,0
2025,5,15,21,38,28.9,23,100000,0,0,0,0
2025,5,15,21,39,28.8,23,100000,0,0,0,0
2025,5,15,21,40,28.8,23,100000,0,0,0,0
2025,5,15,21,41,28.8,23,100000,0,0,0,0
2025,5,15,21,42,28.8,23,100000,0,0,0,0
2025,5,15,21,43,28.7,23,100000,0,0,0,0
2025,5,15,21,44,28.7,23,100000,0,0,0,0
2025,5,15,21,45,28.7,23,100000,0,0,0,0
2025,5,15,21,46,28.7,23,100000,0,0,0,0
2025,5,15,21,47,28.7,23,100000,0,0,0,0
2025,5,15,21,48,28.6,23,100000,0,0,0,0
2025,5,15,21,49,28.6,23,100000,0,0,0,0
2025,5,15,21,50,28.6,23,100000,0,0,0,0
2025,5,15,21,51,28.6,23,100000,0,0,0,0
2025,5,15,21,52,28.5,23,100000,0,0,0,0
2025,5,15,21,53,28.5,23,100000,0,0,0,0
2025,5,15,21,54,28.5,23,100000,0,0,0,0
2025,5,15,21,55,28.5,23,100000,0,0,0,0
2025,5,15,21,56,28.4,23,100000,0,0,0,0
2025,5,15,21,57,28.4,23,100000,0,0,0,0
2025,5,15,21,58,28.4,23,100000,0,0,0,0
2025,5,15,21,59,28.4,23,100000,0,0,0,0
2025,5,15,22,0,28.3,23,100000,0,0,0,0
2025,5,15,22,1,28.3,23,100000,0,0,0,0
2025,5,15,22,2,28.3,23,100000,0,0,0,0
2025,5,15,22,3,28.3,23,100000,0,0,0,0
2025,5,15,22,4,28.3,23,100000,0,0,0,0
2025,5,15,22,5,28.2,23,100000,0,0,0,0
2025,5,15,22,6,28.2,23,100000,0,0,0,0
2025,5,15,22,7,28.2,23,100000,0,0,0,0
2025,5,15,22,8,28.2,23,100000,0,0,0,0
2025,5,15,22,9,28.1,23,100000,0,0,0,0
2025,5,15,22,10,28.1,23,100000,0,0,0,0
2025,5,15,22,11,28.1,23,100000,0,0,0,0
2025,5,15,22,12,28.1,23,100000,0,0,0,0
2025,5,15,22,13,28.0,23,100000,0,0,0,0
2025,5,15,22,14,28.0,23,100000,0,0,0,0
2025,5,15,22,15,28.0,23,100000,0,0,0,0
2025,5,15,22,16,28.0,23,100000,0,0,0,0
2025,5,15,22,17,27.9,23,100000,0,0,0,0
2025,5,15,22,18,27.9,23,100000,0,0,0,0
2025,5,15,22,19,27.9,23,100000,0,0,0,0
2025,5,15,22,20,27.9,23,100000,0,0,0,0
2025,5,15,22,21,27.8,23,100000,0,0,0,0
2025,5,15,22,22,27.8,23,100000,0,0,0,0
2025,5,15,22,23,27.8,23,100000,0,0,0,0
2025,5,15,22,24,27.8,23,100000,0,0,0,0
2025,5,15,22,25,27.8,23,100000,0,0,0,0
2025,5,15,22,26,27.7,23,100000,0,0,0,0
2025,5,15,22,27,27.7,23,100000,0,0,0,0
2025,5,15,22,28,27.7,23,100000,0,0,0,0
2025,5,15,22,29,27.7,23,100000,0,0,0,0
2025,5,15,22,30,27.6,23,100000,0,0,0,0
2025,5,15,22,31,27.6,23,100000,0,0,0,0
2025,5,15,22,32,27.6,23,100000,0,0,0,0
2025,5,15,22,33,27.6,23,100000,0,0,0,0
2025,5,15,22,34,27.5,23,100000,0,0,0,0
2025,5,15,22,35,27.5,23,100000,0,0,0,0
2025,5,15,22,36,27.5,23,100000,0,0,0,0
2025,5,15,22,37,27.5,23,100000,0,0,0,0
2025,5,15,22,38,27.4,23,100000,0,0,0,0
2025,5,15,22,39,27.4,23,100000,0,0,0,0
2025,5,15,22,40,27.4,23,100000,0,0,0,0
2025,5,15,22,41,27.4,23,100000,0,0,0,0
2025,5,15,22,42,27.3,23,100000,0,0,0,0
2025,5,15,22,43,27.3,23,100000,0,0,0,0
2025,5,15,22,44,27.3,23,100000,0,0,0,0
2025,5,15,22,45,27.3,23,100000,0,0,0,0
2025,5,15,22,46,27.2,23,100000,0,0,0,0
2025,5,15,22,47,27.2,23,100000,0,0,0,0
2025,5,15,22,48,27.2,23,100000,0,0,0,0
2025,5,15,22,49,27.2,23,100000,0,0,0,0
2025,5,15,22,50,27.1,23,100000,0,0,0,0
2025,5,15,22,51,27.1,23,100000,0,0,0,0
2025,5,15,22,52,27.1,23,100000,0,0,0,0
2025,5,15,22,53,27.1,23,100000,0,0,0,0
2025,5,15,22,54,27.0,23,100000,0,0,0,0
2025,5,15,22,55,27.0,23,100000,0,0,0,0
2025,5,15,22,56,27.0,23,100000,0,0,0,0
2025,5,15,22,57,27.0,23,100000,0,0,0,0
2025,5,15,22,58,27.0,23,100000,0,0,0,0
2025,5,15,22,59,26.9,23,100000,0,0,0,0
2025,5,15,23,0,26.9,23,100000,0,0,0,0
2025,5,15,23,1,26.9,23,100000,0,0,0,0
2025,5,15,23,2,26.9,23,100000,0,0,0,0
2025,5,15,23,3,26.8,23,100000,0,0,0,0
2025,5,15,23,4,26.8,23,100000,0,0,0,0
2025,5,15,23,5,26.8,23,100000,0,0,0,0
2025,5,15,23,6,26.8,23,100000,0,0,0,0
2025,5,15,23,7,26.7,23,100000,0,0,0,0
2025,5,15,23,8,26.7,23,100000,0,0,0,0
2025,5,15,23,9,26.7,23,100000,0,0,0,0
2025,5,15,23,10,26.7,23,100000,0,0,0,0
2025,5,15,23,11,26.6,23,100000,0,0,0,0
2025,5,15,23,12,26.6,23,100000,0,0,0,0
2025,5,15,23,13,26.6,23,100000,0,0,0,0
2025,5,15,23,14,26.6,23,100000,0,0,0,0
2025,5,15,23,15,26.5,23,100000,0,0,0,0
2025,5,15,23,16,26.5,23,100000,0,0,0,0
2025,5,15,23,17,26.5,23,100000,0,0,0,0
2025,5,15,23,18,26.5,23,100000,0,0,0,0
2025,5,15,23,19,26.4,23,100000,0,0,0,0
2025,5,15,23,20,26.4,23,100000,0,0,0,0
2025,5,15,23,21,26.4,23,100000,0,0,0,0
2025,5,15,23,22,26.4,23,100000,0,0,0,0
2025,5,15,23,23,26.3,23,100000,0,0,0,0
2025,5,15,23,24,26.3,23,100000,0,0,0,0
2025,5,15,23,25,26.3,23,100000,0,0,0,0
2025,5,15,23,26,26.3,23,100000,0,0,0,0
2025,5,15,23,27,26.2,23,100000,0,0,0,0
2025,5,15,23,28,26.2,23,100000,0,0,0,0
2025,5,15,23,29,26.2,23,100000,0,0,0,0
2025,5,15,23,30,26.2,23,100000,0,0,0,0
2025,5,15,23,31,26.1,23,100000,0,0,0,0
2025,5,15,23,32,26.1,23,100000,0,0,0,0
2025,5,15,23,33,26.1,23,100000,0,0,0,0
2025,5,15,23,34,26.1,23,100000,0,0,0,0
2025,5,15,23,35,26.1,23,100000,0,0,0,0
2025,5,15,23,36,26.0,23,100000,0,0,0,0
2025,5,15,23,37,26.0,23,100000,0,0,0,0
2025,5,15,23,38,26.0,23,100000,0,0,0,0
2025,5,15,23,39,26.0,23,100000,0,0,0,0
2025,5,15,23,40,25.9,23,100000,0,0,0,0
2025,5,15,23,41,25.9,23,100000,0,0,0,0
2025,5,15,23,42,25.9,23,100000,0,0,0,0
2025,5,15,23,43,25.9,23,100000,0,0,0,0
2025,5,15,23,44,25.8,23,100000,0,0,0,0
2025,5,15,23,45,25.8,23,100000,0,0,0,0
2025,5,15,23,46,25.8,23,100000,0,0,0,0
2025,5,15,23,47,25.8,23,100000,0,0,0,0
2025,5,15,23,48,25.7,23,100000,0,0,0,0
2025,5,15,23,49,25.7,23,100000,0,0,0,0
2025,5,15,23,50,25.7,23,100000,0,0,0,0
2025,5,15,23,51,25.7,23,100000,0,0,0,0
2025,5,15,23,52,25.6,23,100000,0,0,0,0
2025,5,15,23,53,25.6,23,100000,0,0,0,0
2025,5,15,23,54,25.6,23,100000,0,0,0,0
2025,5,15,23,55,25.6,23,100000,0,0,0,0
2025,5,15,23,56,25.5,23,100000,0,0,0,0
2025,5,15,23,57,25.5,23,100000,0,0,0,0
2025,5,15,23,58,25.5,23,100000,0,0,0,0
2025,5,15,23,59,25.5,23,100000,0,0,0,0
