Date/Time,Environment:Site Outdoor Air Drybulb Temperature [C](TimeStep),CUBO:Zone Mean Air Temperature [C](TimeStep) 
 05/15  00:01:00,25.4,31.529839374127942 
 05/15  00:02:00,25.4,31.516260701208264 
 05/15  00:03:00,25.4,31.50265618661452 
 05/15  00:04:00,25.4,31.489015792200885 
 05/15  00:05:00,25.3,31.475337019117195 
 05/15  00:06:00,25.3,31.461598657779227 
 05/15  00:07:00,25.3,31.447787299410276 
 05/15  00:08:00,25.3,31.433874543355998 
 05/15  00:09:00,25.2,31.419835369333 
 05/15  00:10:00,25.2,31.40566205672278 
 05/15  00:11:00,25.2,31.39133702031296 
 05/15  00:12:00,25.2,31.376849283948957 
 05/15  00:13:00,25.1,31.362196583850825 
 05/15  00:14:00,25.1,31.347383136166638 
 05/15  00:15:00,25.1,31.33241732155434 
 05/15  00:16:00,25.1,31.317310156304522 
 05/15  00:17:00,25.1,31.302074323479257 
 05/15  00:18:00,25.0,31.286723470084564 
 05/15  00:19:00,25.0,31.27126146665847 
 05/15  00:20:00,25.0,31.255708725563704 
 05/15  00:21:00,25.0,31.240084322203607 
 05/15  00:22:00,24.9,31.22439271647734 
 05/15  00:23:00,24.9,31.208651996801525 
 05/15  00:24:00,24.9,31.192867611980372 
 05/15  00:25:00,24.9,31.177056963240137 
 05/15  00:26:00,24.8,31.161223421876606 
 05/15  00:27:00,24.8,31.145381805679037 
 05/15  00:28:00,24.8,31.12953293413343 
 05/15  00:29:00,24.8,31.113689301207174 
 05/15  00:30:00,24.7,31.09784963648275 
 05/15  00:31:00,24.7,31.082024561016464 
 05/15  00:32:00,24.7,31.06621111798095 
 05/15  00:33:00,24.7,31.05041841784457 
 05/15  00:34:00,24.7,31.0346421657224 
 05/15  00:35:00,24.6,31.018890283326606 
 05/15  00:36:00,24.6,31.003157443290334 
 05/15  00:37:00,24.6,30.987450658514955 
 05/15  00:38:00,24.6,30.971763845063123 
 05/15  00:39:00,24.5,30.95610336542485 
 05/15  00:40:00,24.5,30.94047274542254 
 05/15  00:41:00,24.5,30.924861280975744 
 05/15  00:42:00,24.5,30.90927306575241 
 05/15  00:43:00,24.5,30.89370088407957 
 05/15  00:44:00,24.4,30.878150698020722 
 05/15  00:45:00,24.4,30.862625785250415 
 05/15  00:46:00,24.4,30.847115206157824 
 05/15  00:47:00,24.4,30.831622780546773 
 05/15  00:48:00,24.3,30.8161512109564 
 05/15  00:49:00,24.3,30.800689687498114 
 05/15  00:50:00,24.3,30.78524230475584 
 05/15  00:51:00,24.3,30.769811989065918 
 05/15  00:52:00,24.2,30.75438809637681 
 05/15  00:53:00,24.2,30.73897482616717 
 05/15  00:54:00,24.2,30.723575186798637 
 05/15  00:55:00,24.2,30.70817862143207 
 05/15  00:56:00,24.2,30.692789385098312 
 05/15  00:57:00,24.1,30.67741053708542 
 05/15  00:58:00,24.1,30.662041718945137 
 05/15  00:59:00,24.1,30.646670631869544 
 05/15  01:00:00,24.1,30.63130131337789 
 05/15  01:01:00,24.0,30.615937218396073 
 05/15  01:02:00,24.0,30.60056832498919 
 05/15  01:03:00,24.0,30.585199344009467 
 05/15  01:04:00,24.0,30.569833721733865 
 05/15  01:05:00,24.0,30.554471454338042 
 05/15  01:06:00,23.9,30.53910058955043 
 05/15  01:07:00,23.9,30.523725481095674 
 05/15  01:08:00,23.9,30.508349878885753 
 05/15  01:09:00,23.9,30.492964043639972 
 05/15  01:10:00,23.9,30.47757294844345 
 05/15  01:11:00,23.8,30.46218029248596 
 05/15  01:12:00,23.8,30.446786319705016 
 05/15  01:13:00,23.8,30.431379323406713 
 05/15  01:14:00,23.8,30.415963917500065 
 05/15  01:15:00,23.7,30.400544124669167 
 05/15  01:16:00,23.7,30.385110473509865 
 05/15  01:17:00,23.7,30.369668217901456 
 05/15  01:18:00,23.7,30.354221327193574 
 05/15  01:19:00,23.7,30.3387601538537 
 05/15  01:20:00,23.6,30.32328981531641 
 05/15  01:21:00,23.6,30.30781420389973 
 05/15  01:22:00,23.6,30.292323626765516 
 05/15  01:23:00,23.6,30.2768231758288 
 05/15  01:24:00,23.6,30.261316735925796 
 05/15  01:25:00,23.5,30.24579461683195 
 05/15  01:26:00,23.5,30.230261936294202 
 05/15  01:27:00,23.5,30.214722612219795 
 05/15  01:28:00,23.5,30.19916698280162 
 05/15  01:29:00,23.4,30.183600223541177 
 05/15  01:30:00,23.4,30.168026317716016 
 05/15  01:31:00,23.4,30.152435650190025 
 05/15  01:32:00,23.4,30.136833456932944 
 05/15  01:33:00,23.4,30.121213635403326 
 05/15  01:34:00,23.3,30.105583190038864 
 05/15  01:35:00,23.3,30.089946437469358 
 05/15  01:36:00,23.3,30.074293493446543 
 05/15  01:37:00,23.3,30.058629235821712 
 05/15  01:38:00,23.3,30.04294729210402 
 05/15  01:39:00,23.2,30.027254506103148 
 05/15  01:40:00,23.2,30.011555103194663 
 05/15  01:41:00,23.2,29.99583913423678 
 05/15  01:42:00,23.2,29.980111470279542 
 05/15  01:43:00,23.2,29.96436573328245 
 05/15  01:44:00,23.1,29.948608811779796 
 05/15  01:45:00,23.1,29.932834844551277 
 05/15  01:46:00,23.1,29.91705055169287 
 05/15  01:47:00,23.1,29.901249808141653 
 05/15  01:48:00,23.1,29.885439142000802 
 05/15  01:49:00,23.0,29.869612325481032 
 05/15  01:50:00,23.0,29.853775827976715 
 05/15  01:51:00,23.0,29.837923380634958 
 05/15  01:52:00,23.0,29.82206142885444 
 05/15  01:53:00,23.0,29.806183685368588 
 05/15  01:54:00,22.9,29.79029659172313 
 05/15  01:55:00,22.9,29.77439384742117 
 05/15  01:56:00,22.9,29.758481891151984 
 05/15  01:57:00,22.9,29.742554411984216 
 05/15  01:58:00,22.9,29.726617857647867 
 05/15  01:59:00,22.8,29.710665914822183 
 05/15  02:00:00,22.8,29.69470503945636 
 05/15  02:01:00,22.8,29.678728908023835 
 05/15  02:02:00,22.8,29.662743983490493 
 05/15  02:03:00,22.8,29.646743938542123 
 05/15  02:04:00,22.8,29.630725142462957 
 05/15  02:05:00,22.7,29.61469786846648 
 05/15  02:06:00,22.7,29.598657501772145 
 05/15  02:07:00,22.7,29.58261059918196 
 05/15  02:08:00,22.7,29.56655041156397 
 05/15  02:09:00,22.7,29.550482986951938 
 05/15  02:10:00,22.6,29.534401727656466 
 05/15  02:11:00,22.6,29.518302862255997 
 05/15  02:12:00,22.6,29.502196626883574 
 05/15  02:13:00,22.6,29.486078389533454 
 05/15  02:14:00,22.6,29.469954745941436 
 05/15  02:15:00,22.5,29.453818956053887 
 05/15  02:16:00,22.5,29.437666974135162 
 05/15  02:17:00,22.5,29.42150882966521 
 05/15  02:18:00,22.5,29.405339736456117 
 05/15  02:19:00,22.5,29.389156079008114 
 05/15  02:20:00,22.5,29.372967636220164 
 05/15  02:21:00,22.4,29.356769279647214 
 05/15  02:22:00,22.4,29.34055712598022 
 05/15  02:23:00,22.4,29.324340772675946 
 05/15  02:24:00,22.4,29.308114982955892 
 05/15  02:25:00,22.4,29.29187581748717 
 05/15  02:26:00,22.3,29.275632856818635 
 05/15  02:27:00,22.3,29.259380856544407 
 05/15  02:28:00,22.3,29.243115873000278 
 05/15  02:29:00,22.3,29.226847491139807 
 05/15  02:30:00,22.3,29.210570458015656 
 05/15  02:31:00,22.3,29.19428081901571 
 05/15  02:32:00,22.2,29.177988151870096 
 05/15  02:33:00,22.2,29.161687169947207 
 05/15  02:34:00,22.2,29.14537388345603 
 05/15  02:35:00,22.2,29.12905786176401 
 05/15  02:36:00,22.2,29.112733814218107 
 05/15  02:37:00,22.2,29.096397765638244 
 05/15  02:38:00,22.1,29.080049224360998 
 05/15  02:39:00,22.1,29.063699525962086 
 05/15  02:40:00,22.1,29.04734371058877 
 05/15  02:41:00,22.1,29.030977539708456 
 05/15  02:42:00,22.1,29.01461027474788 
 05/15  02:43:00,22.1,28.99823641996929 
 05/15  02:44:00,22.0,28.981851886229617 
 05/15  02:45:00,22.0,28.965456120256 
 05/15  02:46:00,22.0,28.949060436259376 
 05/15  02:47:00,22.0,28.932659854383804 
 05/15  02:48:00,22.0,28.916250128379346 
 05/15  02:49:00,22.0,28.89983043666966 
 05/15  02:50:00,21.9,28.883411894241487 
 05/15  02:51:00,21.9,28.86698940262323 
 05/15  02:52:00,21.9,28.85055863424473 
 05/15  02:53:00,21.9,28.83411870402089 
 05/15  02:54:00,21.9,28.817680682902196 
 05/15  02:55:00,21.9,28.801239439541458 
 05/15  02:56:00,21.8,28.784790621300285 
 05/15  02:57:00,21.8,28.7683333158788 
 05/15  02:58:00,21.8,28.751878566776835 
 05/15  02:59:00,21.8,28.735421206115852 
 05/15  03:00:00,21.8,28.718956854404144 
 05/15  03:01:00,21.8,28.702484585728158 
 05/15  03:02:00,21.8,28.686015441490465 
 05/15  03:03:00,21.7,28.669544234767393 
 05/15  03:04:00,21.7,28.653066558498786 
 05/15  03:05:00,21.7,28.636581462992478 
 05/15  03:06:00,21.7,28.620089911770048 
 05/15  03:07:00,21.7,28.603603342478788 
 05/15  03:08:00,21.7,28.58711639971956 
 05/15  03:09:00,21.6,28.570624430269802 
 05/15  03:10:00,21.6,28.55412631410346 
 05/15  03:11:00,21.6,28.53763298490885 
 05/15  03:12:00,21.6,28.521139219013683 
 05/15  03:13:00,21.6,28.50464060896337 
 05/15  03:14:00,21.6,28.488136214033002 
 05/15  03:15:00,21.6,28.471626992650013 
 05/15  03:16:00,21.5,28.455124351960528 
 05/15  03:17:00,21.5,28.438622876781285 
 05/15  03:18:00,21.5,28.42211784367603 
 05/15  03:19:00,21.5,28.405608071081616 
 05/15  03:20:00,21.5,28.38909437815163 
 05/15  03:21:00,21.5,28.372588099406187 
 05/15  03:22:00,21.5,28.356083801171753 
 05/15  03:23:00,21.4,28.33957675396517 
 05/15  03:24:00,21.4,28.323065763330302 
 05/15  03:25:00,21.4,28.306551627325494 
 05/15  03:26:00,21.4,28.290045657768868 
 05/15  03:27:00,21.4,28.273542420698284 
 05/15  03:28:00,21.4,28.257037203537912 
 05/15  03:29:00,21.4,28.240528836179863 
 05/15  03:30:00,21.4,28.224018134498262 
 05/15  03:31:00,21.3,28.20751640669788 
 05/15  03:32:00,21.3,28.191018205860836 
 05/15  03:33:00,21.3,28.174518804655694 
 05/15  03:34:00,21.3,28.158017036575274 
 05/15  03:35:00,21.3,28.141513753693406 
 05/15  03:36:00,21.3,28.125020325267517 
 05/15  03:37:00,21.3,28.10853138647165 
 05/15  03:38:00,21.3,28.092042279443525 
 05/15  03:39:00,21.2,28.0755518750409 
 05/15  03:40:00,21.2,28.059071082241925 
 05/15  03:41:00,21.2,28.042594693909543 
 05/15  03:42:00,21.2,28.026118335777902 
 05/15  03:43:00,21.2,28.00964111902466 
 05/15  03:44:00,21.2,27.993164076520838 
 05/15  03:45:00,21.2,27.976698683803697 
 05/15  03:46:00,21.2,27.96023963997256 
 05/15  03:47:00,21.1,27.943782322431574 
 05/15  03:48:00,21.1,27.927325621424387 
 05/15  03:49:00,21.1,27.91088044707542 
 05/15  03:50:00,21.1,27.89444161121554 
 05/15  03:51:00,21.1,27.878004749841395 
 05/15  03:52:00,21.1,27.861568964261743 
 05/15  03:53:00,21.1,27.845145295868296 
 05/15  03:54:00,21.1,27.828728617407158 
 05/15  03:55:00,21.0,27.812314570614486 
 05/15  03:56:00,21.0,27.795902227986574 
 05/15  03:57:00,21.0,27.77950258675212 
 05/15  03:58:00,21.0,27.763110503601133 
 05/15  03:59:00,21.0,27.74672162994149 
 05/15  04:00:00,21.0,27.73033506375417 
 05/15  04:01:00,21.0,27.713961811749478 
 05/15  04:02:00,21.0,27.697596735019314 
 05/15  04:03:00,21.0,27.681235454695173 
 05/15  04:04:00,20.9,27.664877010183552 
 05/15  04:05:00,20.9,27.64853233159404 
 05/15  04:06:00,20.9,27.6321962534572 
 05/15  04:07:00,20.9,27.615864411927333 
 05/15  04:08:00,20.9,27.599545931642492 
 05/15  04:09:00,20.9,27.58323529182141 
 05/15  04:10:00,20.9,27.566928386521855 
 05/15  04:11:00,20.9,27.550624629970155 
 05/15  04:12:00,20.9,27.534335220965357 
 05/15  04:13:00,20.9,27.51805516657087 
 05/15  04:14:00,20.8,27.50178018987517 
 05/15  04:15:00,20.8,27.485519429322263 
 05/15  04:16:00,20.8,27.4692673981224 
 05/15  04:17:00,20.8,27.453020039222167 
 05/15  04:18:00,20.8,27.436786857576873 
 05/15  04:19:00,20.8,27.420562655261598 
 05/15  04:20:00,20.8,27.404343551828177 
 05/15  04:21:00,20.8,27.388139127827593 
 05/15  04:22:00,20.8,27.371944199906572 
 05/15  04:23:00,20.8,27.355754862188967 
 05/15  04:24:00,20.8,27.339580647788214 
 05/15  04:25:00,20.7,27.323416356881093 
 05/15  04:26:00,20.7,27.307258097090003 
 05/15  04:27:00,20.7,27.291115435362542 
 05/15  04:28:00,20.7,27.274983260955054 
 05/15  04:29:00,20.7,27.258867817143848 
 05/15  04:30:00,20.7,27.24276225985121 
 05/15  04:31:00,20.7,27.226662505471655 
 05/15  04:32:00,20.7,27.210578482261983 
 05/15  04:33:00,20.7,27.19450543037057 
 05/15  04:34:00,20.7,27.178449772923866 
 05/15  04:35:00,20.7,27.162404716093743 
 05/15  04:36:00,20.7,27.146366157453645 
 05/15  04:37:00,20.6,27.130343979270396 
 05/15  04:38:00,20.6,27.11433343769947 
 05/15  04:39:00,20.6,27.098340996359255 
 05/15  04:40:00,20.6,27.082359987101448 
 05/15  04:41:00,20.6,27.06639647843 
 05/15  04:42:00,20.6,27.050444024803745 
 05/15  04:43:00,20.6,27.034508997739426 
 05/15  04:44:00,20.6,27.018585129945276 
 05/15  04:45:00,20.6,27.00267885616798 
 05/15  04:46:00,20.6,26.98678390981783 
 05/15  04:47:00,20.6,26.97090670289237 
 05/15  04:48:00,20.6,26.95504096207973 
 05/15  04:49:00,20.6,26.939193103634878 
 05/15  04:50:00,20.6,26.923356894710157 
 05/15  04:51:00,20.5,26.9075388010089 
 05/15  04:52:00,20.5,26.891732672865036 
 05/15  04:53:00,20.5,26.87594505522305 
 05/15  04:54:00,20.5,26.86016989906056 
 05/15  04:55:00,20.5,26.84441381901804 
 05/15  04:56:00,20.5,26.82867082344783 
 05/15  04:57:00,20.5,26.81294751582316 
 05/15  04:58:00,20.5,26.79723786549033 
 05/15  04:59:00,20.5,26.78154837746934 
 05/15  05:00:00,20.5,26.765882946308523 
 05/15  05:01:00,20.5,26.75023154949569 
 05/15  05:02:00,20.5,26.734598913782794 
 05/15  05:03:00,20.5,26.718978702290727 
 05/15  05:04:00,20.6,26.703377720183678 
 05/15  05:05:00,20.6,26.687800238590007 
 05/15  05:06:00,20.6,26.672236566637885 
 05/15  05:07:00,20.6,26.656691696195466 
 05/15  05:08:00,20.6,26.641159588407064 
 05/15  05:09:00,20.6,26.625647349211842 
 05/15  05:10:00,20.7,26.610159618861484 
 05/15  05:11:00,20.7,26.59468719784958 
 05/15  05:12:00,20.7,26.57923558274971 
 05/15  05:13:00,20.7,26.563809315606612 
 05/15  05:14:00,20.7,26.54839974834283 
 05/15  05:15:00,20.8,26.533013013382455 
 05/15  05:16:00,20.8,26.517654200864833 
 05/15  05:17:00,20.8,26.502325142651415 
 05/15  05:18:00,20.8,26.487015970403643 
 05/15  05:19:00,20.8,26.47173299157986 
 05/15  05:20:00,20.9,26.456481993140564 
 05/15  05:21:00,20.9,26.44126551391832 
 05/15  05:22:00,20.9,26.426074268345463 
 05/15  05:23:00,20.9,26.410914973656315 
 05/15  05:24:00,20.9,26.39579372182319 
 05/15  05:25:00,20.9,26.38071328317632 
 05/15  05:26:00,21.0,26.365674571489922 
 05/15  05:27:00,21.0,26.350678084528216 
 05/15  05:28:00,21.0,26.335714505887374 
 05/15  05:29:00,21.0,26.320791128730523 
 05/15  05:30:00,21.1,26.30591456007899 
 05/15  05:31:00,21.1,26.29108785201331 
 05/15  05:32:00,21.1,26.276311998485188 
 05/15  05:33:00,21.1,26.261587445089823 
 05/15  05:34:00,21.1,26.246914757018164 
 05/15  05:35:00,21.2,26.232294742673716 
 05/15  05:36:00,21.2,26.217728390371875 
 05/15  05:37:00,21.2,26.203216789188655 
 05/15  05:38:00,21.2,26.188761076190605 
 05/15  05:39:00,21.2,26.174362407479745 
 05/15  05:40:00,21.3,26.16002194361911 
 05/15  05:41:00,21.3,26.145750834891327 
 05/15  05:42:00,21.3,26.13154390833006 
 05/15  05:43:00,21.3,26.117396834263992 
 05/15  05:44:00,21.3,26.103308890923387 
 05/15  05:45:00,21.4,26.089291403828906 
 05/15  05:46:00,21.4,26.07533992384597 
 05/15  05:47:00,21.4,26.061450719213134 
 05/15  05:48:00,21.4,26.047633393621513 
 05/15  05:49:00,21.5,26.03388314657937 
 05/15  05:50:00,21.5,26.020196462695424 
 05/15  05:51:00,21.5,26.006583169647605 
 05/15  05:52:00,21.5,25.993038690081715 
 05/15  05:53:00,21.6,25.979569556116452 
 05/15  05:54:00,21.6,25.966169466227633 
 05/15  05:55:00,21.6,25.952844625824326 
 05/15  05:56:00,21.6,25.939598993035343 
 05/15  05:57:00,21.6,25.926422931861495 
 05/15  05:58:00,21.7,25.91332140290707 
 05/15  05:59:00,21.7,25.900298518387558 
 05/15  06:00:00,21.7,25.887345265096624 
 05/15  06:01:00,21.8,25.87446711102089 
 05/15  06:02:00,21.9,25.86166850089078 
 05/15  06:03:00,22.0,25.848950610088995 
 05/15  06:04:00,22.1,25.836312881980252 
 05/15  06:05:00,22.1,25.823754437609193 
 05/15  06:06:00,22.2,25.81127467626906 
 05/15  06:07:00,22.3,25.798873390445713 
 05/15  06:08:00,22.4,25.786550732830204 
 05/15  06:09:00,22.5,25.774307182878314 
 05/15  06:10:00,22.6,25.762143538130623 
 05/15  06:11:00,22.6,25.75006091829539 
 05/15  06:12:00,22.7,25.738060771267143 
 05/15  06:13:00,22.8,25.726154851924537 
 05/15  06:14:00,22.9,25.714339141294158 
 05/15  06:15:00,23.0,25.702610673313135 
 05/15  06:16:00,23.1,25.690980289778928 
 05/15  06:17:00,23.2,25.67944504402436 
 05/15  06:18:00,23.3,25.668003526712365 
 05/15  06:19:00,23.3,25.656667886251775 
 05/15  06:20:00,23.4,25.64543627908552 
 05/15  06:21:00,23.5,25.634318059924432 
 05/15  06:22:00,23.6,25.623320036885698 
 05/15  06:23:00,23.7,25.61243554088449 
 05/15  06:24:00,23.8,25.601672485737105 
 05/15  06:25:00,23.9,25.591038166866753 
 05/15  06:26:00,24.0,25.580536886436203 
 05/15  06:27:00,24.0,25.57017133057735 
 05/15  06:28:00,24.1,25.559943883382108 
 05/15  06:29:00,24.2,25.549857174194955 
 05/15  06:30:00,24.3,25.53991414454855 
 05/15  06:31:00,24.4,25.53011795381707 
 05/15  06:32:00,24.5,25.520471874114055 
 05/15  06:33:00,24.6,25.510989189648395 
 05/15  06:34:00,24.7,25.501667240477577 
 05/15  06:35:00,24.8,25.492503930519682 
 05/15  06:36:00,24.9,25.483510436669288 
 05/15  06:37:00,24.9,25.47469407769061 
 05/15  06:38:00,25.0,25.466047378447144 
 05/15  06:39:00,25.1,25.45757663569985 
 05/15  06:40:00,25.2,25.449287483568085 
 05/15  06:41:00,25.3,25.441182674672085 
 05/15  06:42:00,25.4,25.43326340802727 
 05/15  06:43:00,25.5,25.425530574036628 
 05/15  06:44:00,25.6,25.417985260240233 
 05/15  06:45:00,25.7,25.410628804464263 
 05/15  06:46:00,25.8,25.40347263689078 
 05/15  06:47:00,25.8,25.396512593274625 
 05/15  06:48:00,25.9,25.389754970406628 
 05/15  06:49:00,26.0,25.383203724885906 
 05/15  06:50:00,26.1,25.3768495614207 
 05/15  06:51:00,26.2,25.370697454034037 
 05/15  06:52:00,26.3,25.36475194231779 
 05/15  06:53:00,26.4,25.359014710378922 
 05/15  06:54:00,26.5,25.35348583566026 
 05/15  06:55:00,26.6,25.348175296196555 
 05/15  06:56:00,26.7,25.34307702493491 
 05/15  06:57:00,26.8,25.33818593582457 
 05/15  06:58:00,26.9,25.33351059939934 
 05/15  06:59:00,26.9,25.329055878677067 
 05/15  07:00:00,27.0,25.324811920306804 
 05/15  07:01:00,27.1,25.320782844782237 
 05/15  07:02:00,27.2,25.31697214645832 
 05/15  07:03:00,27.3,25.31338060913177 
 05/15  07:04:00,27.4,25.310022432297703 
 05/15  07:05:00,27.5,25.30688490600895 
 05/15  07:06:00,27.6,25.30396155345413 
 05/15  07:07:00,27.7,25.30126402309192 
 05/15  07:08:00,27.8,25.298783154987355 
 05/15  07:09:00,27.8,25.29652617290592 
 05/15  07:10:00,27.9,25.29449564234083 
 05/15  07:11:00,28.0,25.292690508799893 
 05/15  07:12:00,28.1,25.291108595652386 
 05/15  07:13:00,28.2,25.28974791308665 
 05/15  07:14:00,28.3,25.288606967746883 
 05/15  07:15:00,28.4,25.287684665862084 
 05/15  07:16:00,28.5,25.2869801582566 
 05/15  07:17:00,28.6,25.28649273763959 
 05/15  07:18:00,28.7,25.28622179013024 
 05/15  07:19:00,28.7,25.286166778248088 
 05/15  07:20:00,28.8,25.286327237705077 
 05/15  07:21:00,28.9,25.286702778485054 
 05/15  07:22:00,29.0,25.287289563412397 
 05/15  07:23:00,29.1,25.288082642309487 
 05/15  07:24:00,29.2,25.289080838666187 
 05/15  07:25:00,29.3,25.29028546786474 
 05/15  07:26:00,29.4,25.291698541494995 
 05/15  07:27:00,29.5,25.293321867380413 
 05/15  07:28:00,29.5,25.295156839797258 
 05/15  07:29:00,29.6,25.297204504921115 
 05/15  07:30:00,29.7,25.299465668786567 
 05/15  07:31:00,29.8,25.301940973921624 
 05/15  07:32:00,29.9,25.304630938725573 
 05/15  07:33:00,30.0,25.307535971113477 
 05/15  07:34:00,30.1,25.31065636985133 
 05/15  07:35:00,30.2,25.31399232469115 
 05/15  07:36:00,30.3,25.31754392210134 
 05/15  07:37:00,30.3,25.32131115869322 
 05/15  07:38:00,30.4,25.32529396094413 
 05/15  07:39:00,30.5,25.329492207712125 
 05/15  07:40:00,30.6,25.333905749808157 
 05/15  07:41:00,30.7,25.33853441994226 
 05/15  07:42:00,30.8,25.343378030576957 
 05/15  07:43:00,30.9,25.348436364013825 
 05/15  07:44:00,31.0,25.353709162510828 
 05/15  07:45:00,31.1,25.359196124729703 
 05/15  07:46:00,31.1,25.36489691082742 
 05/15  07:47:00,31.2,25.37081115492806 
 05/15  07:48:00,31.3,25.3769384814291 
 05/15  07:49:00,31.4,25.383278519279443 
 05/15  07:50:00,31.5,25.38983090740466 
 05/15  07:51:00,31.6,25.396595288690985 
 05/15  07:52:00,31.7,25.40357129675562 
 05/15  07:53:00,31.7,25.410758543221053 
 05/15  07:54:00,31.8,25.418156611706248 
 05/15  07:55:00,31.9,25.425765060300115 
 05/15  07:56:00,32.0,25.43358342860597 
 05/15  07:57:00,32.1,25.44161124196001 
 05/15  07:58:00,32.2,25.449848008495 
 05/15  07:59:00,32.3,25.458293211391986 
 05/15  08:00:00,32.3,25.46694630251614 
 05/15  08:01:00,32.4,25.47580670262169 
 05/15  08:02:00,32.5,25.484873809299003 
 05/15  08:03:00,32.5,25.494167993536315 
 05/15  08:04:00,32.6,25.503697883096027 
 05/15  08:05:00,32.7,25.513471747133984 
 05/15  08:06:00,32.7,25.52348809195759 
 05/15  08:07:00,32.8,25.533730065225434 
 05/15  08:08:00,32.8,25.544195840167486 
 05/15  08:09:00,32.9,25.554884027503153 
 05/15  08:10:00,33.0,25.56580109220708 
 05/15  08:11:00,33.0,25.57693649980169 
 05/15  08:12:00,33.1,25.588280381252723 
 05/15  08:13:00,33.2,25.599836819095565 
 05/15  08:14:00,33.2,25.611596432859695 
 05/15  08:15:00,33.3,25.623561488314447 
 05/15  08:16:00,33.3,25.63573183619223 
 05/15  08:17:00,33.4,25.648103969693747 
 05/15  08:18:00,33.5,25.660673074382846 
 05/15  08:19:00,33.5,25.67343446604031 
 05/15  08:20:00,33.6,25.68638405646371 
 05/15  08:21:00,33.7,25.699518320269828 
 05/15  08:22:00,33.7,25.712834140511646 
 05/15  08:23:00,33.8,25.726338703298836 
 05/15  08:24:00,33.8,25.740023228945574 
 05/15  08:25:00,33.9,25.75388986827122 
 05/15  08:26:00,34.0,25.767928286545885 
 05/15  08:27:00,34.0,25.782141175652093 
 05/15  08:28:00,34.1,25.796529226191957 
 05/15  08:29:00,34.1,25.81108975749012 
 05/15  08:30:00,34.2,25.825818679481227 
 05/15  08:31:00,34.2,25.840711959351502 
 05/15  08:32:00,34.3,25.855766126426868 
 05/15  08:33:00,34.4,25.87097825962757 
 05/15  08:34:00,34.4,25.886345835816574 
 05/15  08:35:00,34.5,25.901866596972468 
 05/15  08:36:00,34.5,25.917548505184396 
 05/15  08:37:00,34.6,25.93338327433415 
 05/15  08:38:00,34.7,25.949373620492974 
 05/15  08:39:00,34.7,25.965509648004886 
 05/15  08:40:00,34.8,25.981794575777467 
 05/15  08:41:00,34.8,25.998229492296446 
 05/15  08:42:00,34.9,26.01480208028546 
 05/15  08:43:00,34.9,26.031515066054133 
 05/15  08:44:00,35.0,26.04837027717948 
 05/15  08:45:00,35.1,26.065366411582264 
 05/15  08:46:00,35.1,26.082500629729118 
 05/15  08:47:00,35.2,26.099769956332963 
 05/15  08:48:00,35.2,26.117171822881364 
 05/15  08:49:00,35.3,26.134704103526033 
 05/15  08:50:00,35.3,26.152365001275665 
 05/15  08:51:00,35.4,26.17016297999582 
 05/15  08:52:00,35.4,26.188090112839824 
 05/15  08:53:00,35.5,26.206139595837314 
 05/15  08:54:00,35.5,26.224318540836613 
 05/15  08:55:00,35.6,26.24261964287443 
 05/15  08:56:00,35.7,26.26104727770073 
 05/15  08:57:00,35.7,26.279602865080392 
 05/15  08:58:00,35.8,26.29827421923087 
 05/15  08:59:00,35.8,26.317064389610287 
 05/15  09:00:00,35.9,26.33597547102779 
 05/15  09:01:00,35.9,26.355006384872905 
 05/15  09:02:00,35.9,26.374154523263908 
 05/15  09:03:00,36.0,26.393417179603983 
 05/15  09:04:00,36.0,26.412792094820446 
 05/15  09:05:00,36.0,26.432277479221064 
 05/15  09:06:00,36.1,26.45187187314263 
 05/15  09:07:00,36.1,26.47157401206161 
 05/15  09:08:00,36.1,26.491382732250752 
 05/15  09:09:00,36.2,26.511296907680627 
 05/15  09:10:00,36.2,26.531325419247846 
 05/15  09:11:00,36.2,26.551460430946154 
 05/15  09:12:00,36.3,26.571695185326767 
 05/15  09:13:00,36.3,26.592036726085826 
 05/15  09:14:00,36.3,26.61247743970362 
 05/15  09:15:00,36.4,26.633021324257324 
 05/15  09:16:00,36.4,26.653659285328892 
 05/15  09:17:00,36.4,26.674395216470742 
 05/15  09:18:00,36.5,26.69522037959647 
 05/15  09:19:00,36.5,26.71613909096163 
 05/15  09:20:00,36.5,26.737152882917744 
 05/15  09:21:00,36.6,26.758249423735442 
 05/15  09:22:00,36.6,26.7794316201824 
 05/15  09:23:00,36.6,26.80070113248142 
 05/15  09:24:00,36.6,26.822056246010582 
 05/15  09:25:00,36.7,26.843493628156256 
 05/15  09:26:00,36.7,26.865009813106962 
 05/15  09:27:00,36.7,26.886601761143005 
 05/15  09:28:00,36.8,26.90826688095079 
 05/15  09:29:00,36.8,26.930002896028363 
 05/15  09:30:00,36.8,26.951807725424764 
 05/15  09:31:00,36.8,26.973679412774615 
 05/15  09:32:00,36.9,26.995616091239956 
 05/15  09:33:00,36.9,27.017615966867 
 05/15  09:34:00,36.9,27.03967730750848 
 05/15  09:35:00,37.0,27.061798431552056 
 05/15  09:36:00,37.0,27.08397769738302 
 05/15  09:37:00,37.0,27.106223535728432 
 05/15  09:38:00,37.0,27.12852751787565 
 05/15  09:39:00,37.1,27.15088253045555 
 05/15  09:40:00,37.1,27.17328544598364 
 05/15  09:41:00,37.1,27.19574539030716 
 05/15  09:42:00,37.1,27.218255115295133 
 05/15  09:43:00,37.2,27.240808504665 
 05/15  09:44:00,37.2,27.263413199921988 
 05/15  09:45:00,37.2,27.286061895383426 
 05/15  09:46:00,37.2,27.30874898362605 
 05/15  09:47:00,37.3,27.331482675788266 
 05/15  09:48:00,37.3,27.354256041021326 
 05/15  09:49:00,37.3,27.377073794768204 
 05/15  09:50:00,37.3,27.399927362396078 
 05/15  09:51:00,37.4,27.42282133111239 
 05/15  09:52:00,37.4,27.44574756979263 
 05/15  09:53:00,37.4,27.468711144971778 
 05/15  09:54:00,37.4,27.49170425907022 
 05/15  09:55:00,37.4,27.514732214706264 
 05/15  09:56:00,37.5,27.53778735816682 
 05/15  09:57:00,37.5,27.560875127213485 
 05/15  09:58:00,37.5,27.58398795125542 
 05/15  09:59:00,37.5,27.6071313551507 
 05/15  10:00:00,37.6,27.630307860886532 
 05/15  10:01:00,37.6,27.653506006393453 
 05/15  10:02:00,37.6,27.676729730645764 
 05/15  10:03:00,37.6,27.69998161038946 
 05/15  10:04:00,37.6,27.72325077887722 
 05/15  10:05:00,37.6,27.746541742519113 
 05/15  10:06:00,37.7,27.7698574874743 
 05/15  10:07:00,37.7,27.79318741598171 
 05/15  10:08:00,37.7,27.81653624330034 
 05/15  10:09:00,37.7,27.839907098171548 
 05/15  10:10:00,37.7,27.86328944325417 
 05/15  10:11:00,37.7,27.886688040827945 
 05/15  10:12:00,37.7,27.91010603825751 
 05/15  10:13:00,37.8,27.93354293395487 
 05/15  10:14:00,37.8,27.95698645526708 
 05/15  10:15:00,37.8,27.98044114891427 
 05/15  10:16:00,37.8,28.003910506262223 
 05/15  10:17:00,37.8,28.027394374214897 
 05/15  10:18:00,37.8,28.050880672826448 
 05/15  10:19:00,37.8,28.07437404263749 
 05/15  10:20:00,37.8,28.097878020602675 
 05/15  10:21:00,37.9,28.12139249107958 
 05/15  10:22:00,37.9,28.144905399582868 
 05/15  10:23:00,37.9,28.168421426932646 
 05/15  10:24:00,37.9,28.191944122303553 
 05/15  10:25:00,37.9,28.215473345637406 
 05/15  10:26:00,37.9,28.23899698450304 
 05/15  10:27:00,37.9,28.262519689968748 
 05/15  10:28:00,37.9,28.286045011717288 
 05/15  10:29:00,37.9,28.30957284815446 
 05/15  10:30:00,38.0,28.33309114924881 
 05/15  10:31:00,38.0,28.35660465305214 
 05/15  10:32:00,38.0,28.380116980077496 
 05/15  10:33:00,38.0,28.403628063449805 
 05/15  10:34:00,38.0,28.427125850713992 
 05/15  10:35:00,38.0,28.450615065650055 
 05/15  10:36:00,38.0,28.474099327804772 
 05/15  10:37:00,38.0,28.49757860842221 
 05/15  10:38:00,38.0,28.521040947302577 
 05/15  10:39:00,38.0,28.544491193807403 
 05/15  10:40:00,38.0,28.567933108210056 
 05/15  10:41:00,38.0,28.59136678929046 
 05/15  10:42:00,38.1,28.614780376988314 
 05/15  10:43:00,38.1,28.63817875167474 
 05/15  10:44:00,38.1,28.661565651152955 
 05/15  10:45:00,38.1,28.684931035941275 
 05/15  10:46:00,38.1,28.70828005019947 
 05/15  10:47:00,38.1,28.731616075563004 
 05/15  10:48:00,38.1,28.75493876474224 
 05/15  10:49:00,38.1,28.77823597723084 
 05/15  10:50:00,38.1,28.801512456738426 
 05/15  10:51:00,38.1,28.824771950410245 
 05/15  10:52:00,38.1,28.848004577117862 
 05/15  10:53:00,38.1,28.87121566594088 
 05/15  10:54:00,38.1,28.894408825293205 
 05/15  10:55:00,38.1,28.91757390722281 
 05/15  10:56:00,38.1,28.940716015966466 
 05/15  10:57:00,38.1,28.96382852030692 
 05/15  10:58:00,38.1,28.986918217622936 
 05/15  10:59:00,38.1,29.009988679848934 
 05/15  11:00:00,38.1,29.03302916008267 
 05/15  11:01:00,38.1,29.05604413275182 
 05/15  11:02:00,38.1,29.07902649599395 
 05/15  11:03:00,38.1,29.10198267352063 
 05/15  11:04:00,38.1,29.124905891373384 
 05/15  11:05:00,38.0,29.147802255139652 
 05/15  11:06:00,38.0,29.17066460309523 
 05/15  11:07:00,38.0,29.193498761955464 
 05/15  11:08:00,38.0,29.216297411852693 
 05/15  11:09:00,38.0,29.239066262522048 
 05/15  11:10:00,38.0,29.261797905070683 
 05/15  11:11:00,37.9,29.28449791931195 
 05/15  11:12:00,37.9,29.307158766818645 
 05/15  11:13:00,37.9,29.329775763401177 
 05/15  11:14:00,37.9,29.352358279246758 
 05/15  11:15:00,37.9,29.37490015555363 
 05/15  11:16:00,37.9,29.397406562939775 
 05/15  11:17:00,37.8,29.419869060371557 
 05/15  11:18:00,37.8,29.44228211143204 
 05/15  11:19:00,37.8,29.46465437287829 
 05/15  11:20:00,37.8,29.486979216507663 
 05/15  11:21:00,37.8,29.509251359472298 
 05/15  11:22:00,37.7,29.53146898563043 
 05/15  11:23:00,37.7,29.553642063570535 
 05/15  11:24:00,37.7,29.5757637095347 
 05/15  11:25:00,37.7,29.597827943501116 
 05/15  11:26:00,37.7,29.619832349469817 
 05/15  11:27:00,37.7,29.64177639438473 
 05/15  11:28:00,37.6,29.66365987406586 
 05/15  11:29:00,37.6,29.685482284888625 
 05/15  11:30:00,37.6,29.707242765474366 
 05/15  11:31:00,37.6,29.72894021903115 
 05/15  11:32:00,37.6,29.750573430399914 
 05/15  11:33:00,37.5,29.772141134352623 
 05/15  11:34:00,37.5,29.793642048002468 
 05/15  11:35:00,37.5,29.815074888257453 
 05/15  11:36:00,37.5,29.836438385281628 
 05/15  11:37:00,37.5,29.85773129226243 
 05/15  11:38:00,37.5,29.878952389624544 
 05/15  11:39:00,37.4,29.900100485836745 
 05/15  11:40:00,37.4,29.92116433023871 
 05/15  11:41:00,37.4,29.94214969505249 
 05/15  11:42:00,37.4,29.96306110214047 
 05/15  11:43:00,37.4,29.983889043438367 
 05/15  11:44:00,37.3,30.004638914654507 
 05/15  11:45:00,37.3,30.025314357383618 
 05/15  11:46:00,37.3,30.045905199829885 
 05/15  11:47:00,37.3,30.06641639375719 
 05/15  11:48:00,37.3,30.086841264008857 
 05/15  11:49:00,37.2,30.10718648770771 
 05/15  11:50:00,37.2,30.12744561547347 
 05/15  11:51:00,37.2,30.147624940857234 
 05/15  11:52:00,37.2,30.167717645581227 
 05/15  11:53:00,37.2,30.18771964539891 
 05/15  11:54:00,37.1,30.207640879388705 
 05/15  11:55:00,37.1,30.227476017220244 
 05/15  11:56:00,37.1,30.247220913527787 
 05/15  11:57:00,37.1,30.266874811994036 
 05/15  11:58:00,37.1,30.286438634387533 
 05/15  11:59:00,37.0,30.305913503114496 
 05/15  12:00:00,37.0,30.325300170534156 
 05/15  12:01:00,37.0,30.344598982761983 
 05/15  12:02:00,37.0,30.363810004604854 
 05/15  12:03:00,36.9,30.382933134431582 
 05/15  12:04:00,36.9,30.401968172150077 
 05/15  12:05:00,36.9,30.420914853807993 
 05/15  12:06:00,36.8,30.439772870585582 
 05/15  12:07:00,36.8,30.458541880143603 
 05/15  12:08:00,36.8,30.47721139021791 
 05/15  12:09:00,36.8,30.495787759056828 
 05/15  12:10:00,36.7,30.51427615158399 
 05/15  12:11:00,36.7,30.532667679320227 
 05/15  12:12:00,36.7,30.55096813033444 
 05/15  12:13:00,36.6,30.56918156421428 
 05/15  12:14:00,36.6,30.587298220411846 
 05/15  12:15:00,36.6,30.605323210660757 
 05/15  12:16:00,36.6,30.623250086223507 
 05/15  12:17:00,36.5,30.641085560976602 
 05/15  12:18:00,36.5,30.658823348470275 
 05/15  12:19:00,36.5,30.676459617546 
 05/15  12:20:00,36.5,30.694004363897424 
 05/15  12:21:00,36.4,30.711452407069082 
 05/15  12:22:00,36.4,30.728799606206195 
 05/15  12:23:00,36.4,30.746045118795507 
 05/15  12:24:00,36.3,30.76318976702678 
 05/15  12:25:00,36.3,30.78023459830601 
 05/15  12:26:00,36.3,30.797180321836777 
 05/15  12:27:00,36.3,30.814027264154458 
 05/15  12:28:00,36.2,30.83077547913697 
 05/15  12:29:00,36.2,30.84742484918498 
 05/15  12:30:00,36.2,30.86397514755482 
 05/15  12:31:00,36.2,30.880426075697383 
 05/15  12:32:00,36.1,30.896767151838215 
 05/15  12:33:00,36.1,30.91300460091261 
 05/15  12:34:00,36.1,30.929143608431502 
 05/15  12:35:00,36.2,30.94517542904397 
 05/15  12:36:00,36.2,30.961105904508983 
 05/15  12:37:00,36.2,30.976929178522262 
 05/15  12:38:00,36.3,30.992652508687943 
 05/15  12:39:00,36.3,31.00827017099644 
 05/15  12:40:00,36.3,31.02378906124792 
 05/15  12:41:00,36.3,31.039203215130723 
 05/15  12:42:00,36.4,31.054509321129157 
 05/15  12:43:00,36.4,31.069718227143444 
 05/15  12:44:00,36.4,31.084826083712535 
 05/15  12:45:00,36.4,31.099830312258213 
 05/15  12:46:00,36.5,31.114731889667635 
 05/15  12:47:00,36.5,31.129533759024586 
 05/15  12:48:00,36.5,31.14423939175172 
 05/15  12:49:00,36.6,31.158852194610866 
 05/15  12:50:00,36.6,31.173375426580098 
 05/15  12:51:00,36.6,31.187812274564056 
 05/15  12:52:00,36.6,31.202165927281445 
 05/15  12:53:00,36.7,31.216439613883963 
 05/15  12:54:00,36.7,31.2306366168348 
 05/15  12:55:00,36.7,31.24475013896629 
 05/15  12:56:00,36.7,31.258789976870663 
 05/15  12:57:00,36.8,31.272765058774432 
 05/15  12:58:00,36.8,31.286670471960655 
 05/15  12:59:00,36.8,31.30051574499299 
 05/15  13:00:00,36.8,31.314308916583744 
 05/15  13:01:00,36.9,31.328044281122096 
 05/15  13:02:00,36.9,31.34173070849817 
 05/15  13:03:00,36.9,31.355365591877682 
 05/15  13:04:00,36.9,31.368959320413207 
 05/15  13:05:00,36.9,31.3825093584256 
 05/15  13:06:00,37.0,31.396025573567098 
 05/15  13:07:00,37.0,31.4095048584435 
 05/15  13:08:00,37.0,31.42295658194426 
 05/15  13:09:00,37.0,31.436377249666407 
 05/15  13:10:00,37.0,31.449775859379198 
 05/15  13:11:00,37.1,31.463148602312593 
 05/15  13:12:00,37.1,31.476494005408522 
 05/15  13:13:00,37.1,31.489824448095842 
 05/15  13:14:00,37.1,31.50313738033403 
 05/15  13:15:00,37.1,31.516441214212584 
 05/15  13:16:00,37.2,31.529731044252408 
 05/15  13:17:00,37.2,31.54300431369028 
 05/15  13:18:00,37.2,31.55627245030283 
 05/15  13:19:00,37.2,31.569532132278983 
 05/15  13:20:00,37.2,31.582780933848273 
 05/15  13:21:00,37.3,31.596029797942073 
 05/15  13:22:00,37.3,31.609274818695713 
 05/15  13:23:00,37.3,31.622513086673973 
 05/15  13:24:00,37.3,31.635755171483 
 05/15  13:25:00,37.3,31.64899685487932 
 05/15  13:26:00,37.4,31.662234954197228 
 05/15  13:27:00,37.4,31.675479799776845 
 05/15  13:28:00,37.4,31.688726960157886 
 05/15  13:29:00,37.4,31.701973061881844 
 05/15  13:30:00,37.4,31.715228262642157 
 05/15  13:31:00,37.4,31.72848796632993 
 05/15  13:32:00,37.5,31.741748651612696 
 05/15  13:33:00,37.5,31.755020352107554 
 05/15  13:34:00,37.5,31.76829834768926 
 05/15  13:35:00,37.5,31.781578987862645 
 05/15  13:36:00,37.5,31.79487217309224 
 05/15  13:37:00,37.5,31.808173026852636 
 05/15  13:38:00,37.6,31.821477746647084 
 05/15  13:39:00,37.6,31.834796109882713 
 05/15  13:40:00,37.6,31.848123112179078 
 05/15  13:41:00,37.6,31.861465007380264 
 05/15  13:42:00,37.6,31.87481493993822 
 05/15  13:43:00,37.6,31.888168580839082 
 05/15  13:44:00,37.7,31.90153576151591 
 05/15  13:45:00,37.7,31.914911640001563 
 05/15  13:46:00,37.7,31.92830256283194 
 05/15  13:47:00,37.7,31.941701696337265 
 05/15  13:48:00,37.7,31.955104691250437 
 05/15  13:49:00,37.7,31.96852135015008 
 05/15  13:50:00,37.7,31.9819467761354 
 05/15  13:51:00,37.8,31.995387281949423 
 05/15  13:52:00,37.8,32.00883598219318 
 05/15  13:53:00,37.8,32.02228848229246 
 05/15  13:54:00,37.8,32.03575456097615 
 05/15  13:55:00,37.8,32.04922923761397 
 05/15  13:56:00,37.8,32.06271874742609 
 05/15  13:57:00,37.8,32.076216076323334 
 05/15  13:58:00,37.9,32.089726918460954 
 05/15  13:59:00,37.9,32.10324441284507 
 05/15  14:00:00,37.9,32.11677450864224 
 05/15  14:01:00,37.9,32.130310528797345 
 05/15  14:02:00,37.9,32.14385850807156 
 05/15  14:03:00,37.9,32.157411811418626 
 05/15  14:04:00,37.9,32.170976506061805 
 05/15  14:05:00,37.9,32.18454599617585 
 05/15  14:06:00,37.9,32.19812639545155 
 05/15  14:07:00,37.9,32.21171114091272 
 05/15  14:08:00,37.9,32.22530636168119 
 05/15  14:09:00,37.9,32.238905470537404 
 05/15  14:10:00,37.9,32.2525145445095 
 05/15  14:11:00,37.9,32.266126902259444 
 05/15  14:12:00,37.9,32.279748508769394 
 05/15  14:13:00,37.9,32.29337254149863 
 05/15  14:14:00,37.9,32.30700482312589 
 05/15  14:15:00,37.9,32.320638374854056 
 05/15  14:16:00,37.9,32.334278876150734 
 05/15  14:17:00,37.9,32.3479192025827 
 05/15  14:18:00,37.9,32.361564909472946 
 05/15  14:19:00,37.9,32.375208752737166 
 05/15  14:20:00,37.9,32.388856192673046 
 05/15  14:21:00,37.9,32.40249989804044 
 05/15  14:22:00,37.9,32.41614526585621 
 05/15  14:23:00,37.9,32.429784910717416 
 05/15  14:24:00,37.9,32.443424196137194 
 05/15  14:25:00,37.9,32.45705571260105 
 05/15  14:26:00,37.9,32.47068481557872 
 05/15  14:27:00,37.9,32.48430409697033 
 05/15  14:28:00,37.9,32.49791892450131 
 05/15  14:29:00,37.9,32.51152191207673 
 05/15  14:30:00,37.9,32.52511845486573 
 05/15  14:31:00,37.9,32.53870120468076 
 05/15  14:32:00,37.9,32.55227559472737 
 05/15  14:33:00,37.9,32.56583432650481 
 05/15  14:34:00,37.9,32.57938287796115 
 05/15  14:35:00,37.9,32.59291400861263 
 05/15  14:36:00,37.9,32.6064332447116 
 05/15  14:37:00,37.9,32.6199334093384 
 05/15  14:38:00,37.9,32.633420078158544 
 05/15  14:39:00,37.9,32.64688614118179 
 05/15  14:40:00,37.9,32.66033722274524 
 05/15  14:41:00,37.9,32.67376628148524 
 05/15  14:42:00,37.9,32.68716880231793 
 05/15  14:43:00,37.9,32.700554358944764 
 05/15  14:44:00,37.9,32.71391768562273 
 05/15  14:45:00,37.9,32.72726470239767 
 05/15  14:46:00,37.9,32.74058808920071 
 05/15  14:47:00,37.9,32.753883032898024 
 05/15  14:48:00,37.9,32.76715891861239 
 05/15  14:49:00,37.8,32.78041042251633 
 05/15  14:50:00,37.8,32.79363324716953 
 05/15  14:51:00,37.8,32.806836646053945 
 05/15  14:52:00,37.8,32.82001505024712 
 05/15  14:53:00,37.8,32.83316397589413 
 05/15  14:54:00,37.8,32.84629252135436 
 05/15  14:55:00,37.8,32.859394985432736 
 05/15  14:56:00,37.8,32.87246671269038 
 05/15  14:57:00,37.8,32.885506358524175 
 05/15  14:58:00,37.8,32.898524533626556 
 05/15  14:59:00,37.8,32.91151557967563 
 05/15  15:00:00,37.8,32.92447432127595 
 05/15  15:01:00,37.8,32.93739888279045 
 05/15  15:02:00,37.8,32.95029948544477 
 05/15  15:03:00,37.7,32.96317030041229 
 05/15  15:04:00,37.7,32.97600611287507 
 05/15  15:05:00,37.7,32.98880509355519 
 05/15  15:06:00,37.7,33.00156736240933 
 05/15  15:07:00,37.7,33.01429353332882 
 05/15  15:08:00,37.7,33.02698406292015 
 05/15  15:09:00,37.7,33.03963912079325 
 05/15  15:10:00,37.6,33.052258641106775 
 05/15  15:11:00,37.6,33.064842392376484 
 05/15  15:12:00,37.6,33.07739002617012 
 05/15  15:13:00,37.6,33.089901107553395 
 05/15  15:14:00,37.6,33.102375132526994 
 05/15  15:15:00,37.6,33.11481153518828 
 05/15  15:16:00,37.6,33.12720968928725 
 05/15  15:17:00,37.5,33.13956891067198 
 05/15  15:18:00,37.5,33.151888465636794 
 05/15  15:19:00,37.5,33.164167586193635 
 05/15  15:20:00,37.5,33.176405487967585 
 05/15  15:21:00,37.5,33.188601383160105 
 05/15  15:22:00,37.5,33.20075448433636 
 05/15  15:23:00,37.4,33.212864001691315 
 05/15  15:24:00,37.4,33.22491893591051 
 05/15  15:25:00,37.4,33.23692479045218 
 05/15  15:26:00,37.4,33.24888630021988 
 05/15  15:27:00,37.4,33.26080457233475 
 05/15  15:28:00,37.3,33.27266838639699 
 05/15  15:29:00,37.3,33.28448245679655 
 05/15  15:30:00,37.3,33.29625081940019 
 05/15  15:31:00,37.3,33.30797409668216 
 05/15  15:32:00,37.3,33.319640795896824 
 05/15  15:33:00,37.3,33.3312553625695 
 05/15  15:34:00,37.2,33.3428114117396 
 05/15  15:35:00,37.2,33.354315703286964 
 05/15  15:36:00,37.2,33.36577231134548 
 05/15  15:37:00,37.2,33.37717108283931 
 05/15  15:38:00,37.2,33.38851633382194 
 05/15  15:39:00,37.1,33.399801187589375 
 05/15  15:40:00,37.1,33.41103188586493 
 05/15  15:41:00,37.1,33.422202051018985 
 05/15  15:42:00,37.1,33.43330755078908 
 05/15  15:43:00,37.1,33.444358153680376 
 05/15  15:44:00,37.0,33.45534886439565 
 05/15  15:45:00,37.0,33.466275497243224 
 05/15  15:46:00,37.0,33.47714728873372 
 05/15  15:47:00,37.0,33.48795876324825 
 05/15  15:48:00,36.9,33.49870540164125 
 05/15  15:49:00,36.9,33.50938596911768 
 05/15  15:50:00,36.9,33.520011214866166 
 05/15  15:51:00,36.9,33.53057587354162 
 05/15  15:52:00,36.9,33.54107507610431 
 05/15  15:53:00,36.8,33.55150716076697 
 05/15  15:54:00,36.8,33.561872309214905 
 05/15  15:55:00,36.8,33.572171139755916 
 05/15  15:56:00,36.8,33.58240409075799 
 05/15  15:57:00,36.7,33.59257132029712 
 05/15  15:58:00,36.7,33.60267277950028 
 05/15  15:59:00,36.7,33.61270829362892 
 05/15  16:00:00,36.7,33.622677611519734 
 05/15  16:01:00,36.6,33.6325804291388 
 05/15  16:02:00,36.6,33.642406182298025 
 05/15  16:03:00,36.6,33.65216061759946 
 05/15  16:04:00,36.6,33.661848805874115 
 05/15  16:05:00,36.5,33.6714722542287 
 05/15  16:06:00,36.5,33.68102015461429 
 05/15  16:07:00,36.5,33.690497397517625 
 05/15  16:08:00,36.5,33.69990829125022 
 05/15  16:09:00,36.4,33.70924364392923 
 05/15  16:10:00,36.4,33.71850859637982 
 05/15  16:11:00,36.4,33.72769694837464 
 05/15  16:12:00,36.4,33.73681539861063 
 05/15  16:13:00,36.3,33.74585799321042 
 05/15  16:14:00,36.3,33.75483111478752 
 05/15  16:15:00,36.3,33.76372847435487 
 05/15  16:16:00,36.3,33.77254595877047 
 05/15  16:17:00,36.2,33.78129334421071 
 05/15  16:18:00,36.2,33.78996588428998 
 05/15  16:19:00,36.2,33.79855956799484 
 05/15  16:20:00,36.2,33.80707349109525 
 05/15  16:21:00,36.1,33.815518675302876 
 05/15  16:22:00,36.1,33.82389029123652 
 05/15  16:23:00,36.1,33.832183797630265 
 05/15  16:24:00,36.0,33.84039778183442 
 05/15  16:25:00,36.0,33.848532667275016 
 05/15  16:26:00,36.0,33.85658933987528 
 05/15  16:27:00,36.0,33.86456852881135 
 05/15  16:28:00,35.9,33.87247068836354 
 05/15  16:29:00,35.9,33.88029605405741 
 05/15  16:30:00,35.9,33.888044713899454 
 05/15  16:31:00,35.8,33.895706429483745 
 05/15  16:32:00,35.8,33.903287080759235 
 05/15  16:33:00,35.8,33.910791953507655 
 05/15  16:34:00,35.8,33.91822284953579 
 05/15  16:35:00,35.7,33.9255692743781 
 05/15  16:36:00,35.7,33.93283622862209 
 05/15  16:37:00,35.7,33.94001797070972 
 05/15  16:38:00,35.7,33.947121702372804 
 05/15  16:39:00,35.6,33.954141929974526 
 05/15  16:40:00,35.6,33.961085391946924 
 05/15  16:41:00,35.6,33.96794612202627 
 05/15  16:42:00,35.5,33.974730496214974 
 05/15  16:43:00,35.5,33.98143238088225 
 05/15  16:44:00,35.5,33.98804777740488 
 05/15  16:45:00,35.4,33.994586552229386 
 05/15  16:46:00,35.4,34.00104423629697 
 05/15  16:47:00,35.4,34.007417025089666 
 05/15  16:48:00,35.4,34.01370414488782 
 05/15  16:49:00,35.3,34.019906486246164 
 05/15  16:50:00,35.3,34.0260252768139 
 05/15  16:51:00,35.3,34.03206151278919 
 05/15  16:52:00,35.2,34.0380158751874 
 05/15  16:53:00,35.2,34.04388880866076 
 05/15  16:54:00,35.2,34.0496806062759 
 05/15  16:55:00,35.2,34.055391462095166 
 05/15  16:56:00,35.1,34.061021497373915 
 05/15  16:57:00,35.1,34.066570773558084 
 05/15  16:58:00,35.1,34.07202871101215 
 05/15  16:59:00,35.0,34.07740153437466 
 05/15  17:00:00,35.0,34.08269460511764 
 05/15  17:01:00,35.0,34.08789924756219 
 05/15  17:02:00,34.9,34.0930215560196 
 05/15  17:03:00,34.9,34.09806621818631 
 05/15  17:04:00,34.9,34.10302404461589 
 05/15  17:05:00,34.9,34.10790064437197 
 05/15  17:06:00,34.8,34.112689917994196 
 05/15  17:07:00,34.8,34.11738852538149 
 05/15  17:08:00,34.8,34.12200724770962 
 05/15  17:09:00,34.7,34.126541814574814 
 05/15  17:10:00,34.7,34.13098873564683 
 05/15  17:11:00,34.7,34.135347508538764 
 05/15  17:12:00,34.7,34.139629803594914 
 05/15  17:13:00,34.6,34.14383110854336 
 05/15  17:14:00,34.6,34.147947313440106 
 05/15  17:15:00,34.6,34.151977344422214 
 05/15  17:16:00,34.5,34.15592189884583 
 05/15  17:17:00,34.5,34.15978213009713 
 05/15  17:18:00,34.5,34.16355906060121 
 05/15  17:19:00,34.5,34.16725347362102 
 05/15  17:20:00,34.4,34.170865968490325 
 05/15  17:21:00,34.4,34.17439702524707 
 05/15  17:22:00,34.4,34.177847043920124 
 05/15  17:23:00,34.3,34.18121636658274 
 05/15  17:24:00,34.3,34.184505291743726 
 05/15  17:25:00,34.3,34.187714084807105 
 05/15  17:26:00,34.3,34.190842985275474 
 05/15  17:27:00,34.2,34.19389221000557 
 05/15  17:28:00,34.2,34.19686195360689 
 05/15  17:29:00,34.2,34.19975238990544 
 05/15  17:30:00,34.1,34.20256367693587 
 05/15  17:31:00,34.1,34.20529596352052 
 05/15  17:32:00,34.1,34.20794939460834 
 05/15  17:33:00,34.0,34.21050967336049 
 05/15  17:34:00,34.0,34.212974270117144 
 05/15  17:35:00,34.0,34.21534620099438 
 05/15  17:36:00,34.0,34.21762932189502 
 05/15  17:37:00,33.9,34.2198266762689 
 05/15  17:38:00,33.9,34.22194040427518 
 05/15  17:39:00,33.9,34.22397205117404 
 05/15  17:40:00,33.8,34.22592282092443 
 05/15  17:41:00,33.8,34.22779370860308 
 05/15  17:42:00,33.8,34.22958555835776 
 05/15  17:43:00,33.7,34.23129909138156 
 05/15  17:44:00,33.7,34.23293492389822 
 05/15  17:45:00,33.7,34.234493581049996 
 05/15  17:46:00,33.6,34.23597550816855 
 05/15  17:47:00,33.6,34.23738107929559 
 05/15  17:48:00,33.6,34.23871060360548 
 05/15  17:49:00,33.5,34.239964331029306 
 05/15  17:50:00,33.5,34.241142457193455 
 05/15  17:51:00,33.5,34.24224512799942 
 05/15  17:52:00,33.5,34.24327244451515 
 05/15  17:53:00,33.4,34.24422446772795 
 05/15  17:54:00,33.4,34.24510122356175 
 05/15  17:55:00,33.4,34.245902710744346 
 05/15  17:56:00,33.3,34.2466289127034 
 05/15  17:57:00,33.3,34.247279810660324 
 05/15  17:58:00,33.3,34.24785539452582 
 05/15  17:59:00,33.2,34.24835566983559 
 05/15  18:00:00,33.2,34.24878065975453 
 05/15  18:01:00,33.2,34.24913040300599 
 05/15  18:02:00,33.2,34.24940494969994 
 05/15  18:03:00,33.1,34.24960435599213 
 05/15  18:04:00,33.1,34.249728679076 
 05/15  18:05:00,33.1,34.249777975812535 
 05/15  18:06:00,33.1,34.249752306561994 
 05/15  18:07:00,33.1,34.2496517415469 
 05/15  18:08:00,33.0,34.24947636682347 
 05/15  18:09:00,33.0,34.2492262905925 
 05/15  18:10:00,33.0,34.24890165259186 
 05/15  18:11:00,33.0,34.24850263625286 
 05/15  18:12:00,33.0,34.24802947883386 
 05/15  18:13:00,33.0,34.24748247567538 
 05/15  18:14:00,32.9,34.24686197993262 
 05/15  18:15:00,32.9,34.24616840260445 
 05/15  18:16:00,32.9,34.245402216520105 
 05/15  18:17:00,32.9,34.24456396277784 
 05/15  18:18:00,32.9,34.24365425362511 
 05/15  18:19:00,32.8,34.24267376770443 
 05/15  18:20:00,32.8,34.24162323969814 
 05/15  18:21:00,32.8,34.24050344979068 
 05/15  18:22:00,32.8,34.23931521545297 
 05/15  18:23:00,32.8,34.23805938297141 
 05/15  18:24:00,32.7,34.2367368162186 
 05/15  18:25:00,32.7,34.23534838458342 
 05/15  18:26:00,32.7,34.23389495442807 
 05/15  18:27:00,32.7,34.23237581291646 
 05/15  18:28:00,32.7,34.23079468834929 
 05/15  18:29:00,32.6,34.229154022987586 
 05/15  18:30:00,32.6,34.22745458320241 
 05/15  18:31:00,32.6,34.22569635323868 
 05/15  18:32:00,32.6,34.22387919526686 
 05/15  18:33:00,32.6,34.22200309713362 
 05/15  18:34:00,32.5,34.220068193801886 
 05/15  18:35:00,32.5,34.21807472318611 
 05/15  18:36:00,32.5,34.21602298748231 
 05/15  18:37:00,32.5,34.21391333342864 
 05/15  18:38:00,32.5,34.21174614255287 
 05/15  18:39:00,32.4,34.20952182231339 
 05/15  18:40:00,32.4,34.20724079687551 
 05/15  18:41:00,32.4,34.204903500984365 
 05/15  18:42:00,32.4,34.202510378001094 
 05/15  18:43:00,32.4,34.200061878357744 
 05/15  18:44:00,32.3,34.197558455162095 
 05/15  18:45:00,32.3,34.19500055849432 
 05/15  18:46:00,32.3,34.1923886325765 
 05/15  18:47:00,32.3,34.18972311684342 
 05/15  18:48:00,32.2,34.18700444704659 
 05/15  18:49:00,32.2,34.18423305306841 
 05/15  18:50:00,32.2,34.18140935453973 
 05/15  18:51:00,32.2,34.17853375632082 
 05/15  18:52:00,32.2,34.175606643214834 
 05/15  18:53:00,32.1,34.172628373449534 
 05/15  18:54:00,32.1,34.169599273747934 
 05/15  18:55:00,32.1,34.166519640029314 
 05/15  18:56:00,32.1,34.16338974387387 
 05/15  18:57:00,32.1,34.16020983983867 
 05/15  18:58:00,32.0,34.15698016946613 
 05/15  18:59:00,32.0,34.15370096300046 
 05/15  19:00:00,32.0,34.1503724427574 
 05/15  19:01:00,32.0,34.14699482913516 
 05/15  19:02:00,32.0,34.143568345473696 
 05/15  19:03:00,31.9,34.14009321859473 
 05/15  19:04:00,31.9,34.136569676760004 
 05/15  19:05:00,31.9,34.132997949449866 
 05/15  19:06:00,31.9,34.12937827019917 
 05/15  19:07:00,31.9,34.125710878804064 
 05/15  19:08:00,31.9,34.12199601974857 
 05/15  19:09:00,31.8,34.11823393857307 
 05/15  19:10:00,31.8,34.11442488100977 
 05/15  19:11:00,31.8,34.11056909823161 
 05/15  19:12:00,31.8,34.1066668561741 
 05/15  19:13:00,31.8,34.10271844235835 
 05/15  19:14:00,31.8,34.098724165775494 
 05/15  19:15:00,31.8,34.0946843517123 
 05/15  19:16:00,31.7,34.09059933728033 
 05/15  19:17:00,31.7,34.086469472542795 
 05/15  19:18:00,31.7,34.08229512825067 
 05/15  19:19:00,31.7,34.078076705909766 
 05/15  19:20:00,31.7,34.0738146426924 
 05/15  19:21:00,31.7,34.06950940708041 
 05/15  19:22:00,31.6,34.065161488070146 
 05/15  19:23:00,31.6,34.060771384699564 
 05/15  19:24:00,31.6,34.056339601092986 
 05/15  19:25:00,31.6,34.051866646331284 
 05/15  19:26:00,31.6,34.0473530333619 
 05/15  19:27:00,31.6,34.0427992728375 
 05/15  19:28:00,31.5,34.03820586377949 
 05/15  19:29:00,31.5,34.03357328664197 
 05/15  19:30:00,31.5,34.028902002929534 
 05/15  19:31:00,31.5,34.02419245991622 
 05/15  19:32:00,31.5,34.01944509419571 
 05/15  19:33:00,31.4,34.01466032968357 
 05/15  19:34:00,31.4,34.009838571829455 
 05/15  19:35:00,31.4,34.00498020310691 
 05/15  19:36:00,31.4,34.0000855817871 
 05/15  19:37:00,31.4,33.99515504088984 
 05/15  19:38:00,31.4,33.99018888447059 
 05/15  19:39:00,31.3,33.98518738304188 
 05/15  19:40:00,31.3,33.98015077287296 
 05/15  19:41:00,31.3,33.975079262346654 
 05/15  19:42:00,31.3,33.96997304313323 
 05/15  19:43:00,31.3,33.9648322994092 
 05/15  19:44:00,31.3,33.959657210497745 
 05/15  19:45:00,31.2,33.95443723533582 
 05/15  19:46:00,31.2,33.9491786908572 
 05/15  19:47:00,31.2,33.943876360260454 
 05/15  19:48:00,31.2,33.93852789577486 
 05/15  19:49:00,31.2,33.93314500870346 
 05/15  19:50:00,31.1,33.92772388804237 
 05/15  19:51:00,31.1,33.92226162921692 
 05/15  19:52:00,31.1,33.91676897728626 
 05/15  19:53:00,31.1,33.91124127552137 
 05/15  19:54:00,31.1,33.905675019750696 
 05/15  19:55:00,31.1,33.90006987692685 
 05/15  19:56:00,31.0,33.894437816379615 
 05/15  19:57:00,31.0,33.88877410886888 
 05/15  19:58:00,31.0,33.88307468245368 
 05/15  19:59:00,31.0,33.87733861441635 
 05/15  20:00:00,31.0,33.871566763297885 
 05/15  20:01:00,30.9,33.86576041294302 
 05/15  20:02:00,30.9,33.8599313533934 
 05/15  20:03:00,30.9,33.85407407059229 
 05/15  20:04:00,30.9,33.84818377565427 
 05/15  20:05:00,30.9,33.84225902260556 
 05/15  20:06:00,30.8,33.836300288123674 
 05/15  20:07:00,30.8,33.83030854903863 
 05/15  20:08:00,30.8,33.82428465215173 
 05/15  20:09:00,30.8,33.81822919902606 
 05/15  20:10:00,30.8,33.81214260579877 
 05/15  20:11:00,30.7,33.80602517122565 
 05/15  20:12:00,30.7,33.79987711462342 
 05/15  20:13:00,30.7,33.79369859440916 
 05/15  20:14:00,30.7,33.78748972057973 
 05/15  20:15:00,30.7,33.78125056417543 
 05/15  20:16:00,30.6,33.77498116264634 
 05/15  20:17:00,30.6,33.76868152290354 
 05/15  20:18:00,30.6,33.76235162608842 
 05/15  20:19:00,30.6,33.755981187217536 
 05/15  20:20:00,30.6,33.74957594458983 
 05/15  20:21:00,30.5,33.74314121073117 
 05/15  20:22:00,30.5,33.73667894581246 
 05/15  20:23:00,30.5,33.73018906647636 
 05/15  20:24:00,30.5,33.723670866898296 
 05/15  20:25:00,30.5,33.71711340711497 
 05/15  20:26:00,30.4,33.710521998745186 
 05/15  20:27:00,30.4,33.7039016699442 
 05/15  20:28:00,30.4,33.69725417247747 
 05/15  20:29:00,30.4,33.69056898225534 
 05/15  20:30:00,30.4,33.68385106991588 
 05/15  20:31:00,30.3,33.67710505146536 
 05/15  20:32:00,30.3,33.67032212335736 
 05/15  20:33:00,30.3,33.66350765969853 
 05/15  20:34:00,30.3,33.65666608948762 
 05/15  20:35:00,30.3,33.64978830554577 
 05/15  20:36:00,30.2,33.642879473798736 
 05/15  20:37:00,30.2,33.63593364469807 
 05/15  20:38:00,30.2,33.62895768511543 
 05/15  20:39:00,30.2,33.62195624794338 
 05/15  20:40:00,30.2,33.61491990188481 
 05/15  20:41:00,30.1,33.60785346782449 
 05/15  20:42:00,30.1,33.600750684625865 
 05/15  20:43:00,30.1,33.59361826849286 
 05/15  20:44:00,30.1,33.58645047264242 
 05/15  20:45:00,30.0,33.5792539033508 
 05/15  20:46:00,30.0,33.57202256716167 
 05/15  20:47:00,30.0,33.564762894075734 
 05/15  20:48:00,30.0,33.55746875261945 
 05/15  20:49:00,30.0,33.55013624961712 
 05/15  20:50:00,29.9,33.54277531130821 
 05/15  20:51:00,29.9,33.53538145394439 
 05/15  20:52:00,29.9,33.52796116824362 
 05/15  20:53:00,29.9,33.52050782517654 
 05/15  20:54:00,29.9,33.51301700572479 
 05/15  20:55:00,29.8,33.50549828795868 
 05/15  20:56:00,29.8,33.49794689025576 
 05/15  20:57:00,29.8,33.4903588660637 
 05/15  20:58:00,29.8,33.48273342015214 
 05/15  20:59:00,29.7,33.475081684506016 
 05/15  21:00:00,29.7,33.46739900585598 
 05/15  21:01:00,29.7,33.459681060759365 
 05/15  21:02:00,29.7,33.45192665852711 
 05/15  21:03:00,29.7,33.44414667036563 
 05/15  21:04:00,29.6,33.43633622176085 
 05/15  21:05:00,29.6,33.428490810944105 
 05/15  21:06:00,29.6,33.420609096417905 
 05/15  21:07:00,29.6,33.41269158903981 
 05/15  21:08:00,29.5,33.40473927895 
 05/15  21:09:00,29.5,33.39675301905136 
 05/15  21:10:00,29.5,33.38873340964707 
 05/15  21:11:00,29.5,33.38068085751504 
 05/15  21:12:00,29.5,33.3725956458286 
 05/15  21:13:00,29.4,33.36447797360756 
 05/15  21:14:00,29.4,33.35632797343603 
 05/15  21:15:00,29.4,33.348145723742775 
 05/15  21:16:00,29.4,33.33993126290112 
 05/15  21:17:00,29.3,33.33168460272832 
 05/15  21:18:00,29.3,33.32340573764452 
 05/15  21:19:00,29.3,33.31509464998899 
 05/15  21:20:00,29.3,33.306751313291166 
 05/15  21:21:00,29.3,33.298375692913325 
 05/15  21:22:00,29.2,33.289967743810074 
 05/15  21:23:00,29.2,33.28152740848065 
 05/15  21:24:00,29.2,33.27305461940525 
 05/15  21:25:00,29.2,33.26454930633337 
 05/15  21:26:00,29.1,33.25600117678736 
 05/15  21:27:00,29.1,33.24741612451666 
 05/15  21:28:00,29.1,33.238799532546516 
 05/15  21:29:00,29.1,33.23015335318353 
 05/15  21:30:00,29.1,33.2214774759937 
 05/15  21:31:00,29.0,33.21276093773542 
 05/15  21:32:00,29.0,33.20400902155385 
 05/15  21:33:00,29.0,33.19522667940249 
 05/15  21:34:00,29.0,33.186415567831595 
 05/15  21:35:00,28.9,33.177565100762806 
 05/15  21:36:00,28.9,33.1686803667322 
 05/15  21:37:00,28.9,33.15976602675398 
 05/15  21:38:00,28.9,33.15081325727126 
 05/15  21:39:00,28.8,33.14182756253985 
 05/15  21:40:00,28.8,33.132803197371814 
 05/15  21:41:00,28.8,33.12374723080359 
 05/15  21:42:00,28.8,33.114664366517694 
 05/15  21:43:00,28.7,33.1055451623984 
 05/15  21:44:00,28.7,33.096394504069124 
 05/15  21:45:00,28.7,33.08720614381432 
 05/15  21:46:00,28.7,33.07798682922929 
 05/15  21:47:00,28.7,33.068730769796844 
 05/15  21:48:00,28.6,33.05944453265867 
 05/15  21:49:00,28.6,33.05012202137215 
 05/15  21:50:00,28.6,33.04076958252901 
 05/15  21:51:00,28.6,33.031380970682996 
 05/15  21:52:00,28.5,33.021962477776995 
 05/15  21:53:00,28.5,33.012507809986275 
 05/15  21:54:00,28.5,33.00301304415035 
 05/15  21:55:00,28.5,32.993488149034725 
 05/15  21:56:00,28.4,32.983928585354924 
 05/15  21:57:00,28.4,32.974330661911075 
 05/15  21:58:00,28.4,32.96470399767021 
 05/15  21:59:00,28.4,32.95504365262172 
 05/15  22:00:00,28.3,32.945345636169016 
 05/15  22:01:00,28.3,32.93561938539929 
 05/15  22:02:00,28.3,32.925859791655874 
 05/15  22:03:00,28.3,32.916062725248175 
 05/15  22:04:00,28.3,32.90622733365863 
 05/15  22:05:00,28.2,32.89636470880145 
 05/15  22:06:00,28.2,32.88647000018427 
 05/15  22:07:00,28.2,32.87653876793178 
 05/15  22:08:00,28.2,32.866569793043595 
 05/15  22:09:00,28.1,32.85656372849601 
 05/15  22:10:00,28.1,32.84652169815633 
 05/15  22:11:00,28.1,32.83645487018583 
 05/15  22:12:00,28.1,32.82635783866209 
 05/15  22:13:00,28.0,32.816225641639925 
 05/15  22:14:00,28.0,32.80605672150421 
 05/15  22:15:00,28.0,32.79585152871526 
 05/15  22:16:00,28.0,32.785611052510305 
 05/15  22:17:00,27.9,32.77533615663878 
 05/15  22:18:00,27.9,32.76502744917365 
 05/15  22:19:00,27.9,32.75468534008138 
 05/15  22:20:00,27.9,32.744310115115375 
 05/15  22:21:00,27.8,32.73390198069128 
 05/15  22:22:00,27.8,32.72346108417696 
 05/15  22:23:00,27.8,32.71298752389812 
 05/15  22:24:00,27.8,32.702481357615156 
 05/15  22:25:00,27.8,32.6919426101831 
 05/15  22:26:00,27.7,32.68137127917391 
 05/15  22:27:00,27.7,32.670767340356676 
 05/15  22:28:00,27.7,32.66012055575435 
 05/15  22:29:00,27.7,32.649437004611286 
 05/15  22:30:00,27.6,32.63872213515642 
 05/15  22:31:00,27.6,32.62797788064517 
 05/15  22:32:00,27.6,32.61720409999737 
 05/15  22:33:00,27.6,32.606400068083744 
 05/15  22:34:00,27.5,32.59555491697885 
 05/15  22:35:00,27.5,32.58467436295953 
 05/15  22:36:00,27.5,32.57376363972254 
 05/15  22:37:00,27.5,32.56282452891182 
 05/15  22:38:00,27.4,32.55184652159318 
 05/15  22:39:00,27.4,32.54083491192709 
 05/15  22:40:00,27.4,32.52979444159687 
 05/15  22:41:00,27.4,32.51871630135024 
 05/15  22:42:00,27.3,32.50760611179058 
 05/15  22:43:00,27.3,32.496468341290495 
 05/15  22:44:00,27.3,32.4852937959144 
 05/15  22:45:00,27.3,32.474087818291466 
 05/15  22:46:00,27.2,32.462844478851636 
 05/15  22:47:00,27.2,32.451570815508795 
 05/15  22:48:00,27.2,32.440261208987394 
 05/15  22:49:00,27.2,32.42892240679334 
 05/15  22:50:00,27.1,32.41755862335642 
 05/15  22:51:00,27.1,32.40615995964179 
 05/15  22:52:00,27.1,32.39473115131923 
 05/15  22:53:00,27.1,32.383265763261896 
 05/15  22:54:00,27.0,32.37177055328687 
 05/15  22:55:00,27.0,32.36023961276709 
 05/15  22:56:00,27.0,32.348669382497164 
 05/15  22:57:00,27.0,32.33707009285603 
 05/15  22:58:00,27.0,32.32543726340485 
 05/15  22:59:00,26.9,32.313777463431045 
 05/15  23:00:00,26.9,32.30208401623701 
 05/15  23:01:00,26.9,32.290352679607714 
 05/15  23:02:00,26.9,32.27859325484587 
 05/15  23:03:00,26.8,32.26680097298497 
 05/15  23:04:00,26.8,32.25497207664719 
 05/15  23:05:00,26.8,32.243116234587326 
 05/15  23:06:00,26.8,32.23122842055058 
 05/15  23:07:00,26.7,32.2193046928406 
 05/15  23:08:00,26.7,32.20734446159373 
 05/15  23:09:00,26.7,32.1953590540951 
 05/15  23:10:00,26.7,32.18334371683906 
 05/15  23:11:00,26.6,32.1712941995646 
 05/15  23:12:00,26.6,32.15920952383913 
 05/15  23:13:00,26.6,32.14709056283263 
 05/15  23:14:00,26.6,32.13494876689087 
 05/15  23:15:00,26.5,32.122778948532556 
 05/15  23:16:00,26.5,32.11057637483979 
 05/15  23:17:00,26.5,32.09833969304501 
 05/15  23:18:00,26.5,32.086069508655555 
 05/15  23:19:00,26.4,32.07376691422216 
 05/15  23:20:00,26.4,32.06143283483962 
 05/15  23:21:00,26.4,32.04906791137895 
 05/15  23:22:00,26.4,32.03667257039633 
 05/15  23:23:00,26.3,32.02424710556195 
 05/15  23:24:00,26.3,32.011791726196655 
 05/15  23:25:00,26.3,31.99930658121631 
 05/15  23:26:00,26.3,31.9867917731457 
 05/15  23:27:00,26.2,31.9742473681044 
 05/15  23:28:00,26.2,31.96167340286818 
 05/15  23:29:00,26.2,31.94906989101958 
 05/15  23:30:00,26.2,31.93643682958602 
 05/15  23:31:00,26.1,31.923774204503427 
 05/15  23:32:00,26.1,31.911081993560522 
 05/15  23:33:00,26.1,31.898360168622244 
 05/15  23:34:00,26.1,31.88560869878323 
 05/15  23:35:00,26.1,31.872827552923468 
 05/15  23:36:00,26.0,31.860016700318777 
 05/15  23:37:00,26.0,31.847165936233488 
 05/15  23:38:00,26.0,31.8342815153353 
 05/15  23:39:00,26.0,31.821368939975965 
 05/15  23:40:00,25.9,31.80843011236083 
 05/15  23:41:00,25.9,31.795464846426793 
 05/15  23:42:00,25.9,31.782462223310567 
 05/15  23:43:00,25.9,31.76942788657714 
 05/15  23:44:00,25.8,31.7563669581081 
 05/15  23:45:00,25.8,31.743281118955785 
 05/15  23:46:00,25.8,31.730159862075123 
 05/15  23:47:00,25.8,31.71700860414894 
 05/15  23:48:00,25.7,31.703832123207484 
 05/15  23:49:00,25.7,31.690631822219867 
 05/15  23:50:00,25.7,31.677396956106318 
 05/15  23:51:00,25.7,31.66413281537008 
 05/15  23:52:00,25.6,31.650844075103347 
 05/15  23:53:00,25.6,31.637521821023878 
 05/15  23:54:00,25.6,31.62417172971147 
 05/15  23:55:00,25.6,31.61078806560465 
 05/15  23:56:00,25.5,31.59737806506432 
 05/15  23:57:00,25.5,31.583946350366382 
 05/15  23:58:00,25.5,31.570483318103154 
 05/15  23:59:00,25.5,31.556993994975954 
 05/15  24:00:00,0.0,31.54347216009547 
